user_id,reranked_own_rec
1,"[1082185, 872137, 940947, 10149640, 865456]"
2,"[1106523, 916122, 1133018, 852864, 901062]"
3,[]
6,"[1024306, 1082185, 873654, 962568, 1116821]"
7,"[1082185, 1126899, 1013321, 1133018, 1106523]"
8,"[998373, 840361, 831815, 872137, 1003421]"
9,"[1082185, 1029743, 995242, 1106523, 962568]"
10,[]
13,"[979707, 914190, 1039156, 859075, 9836903]"
14,"[981760, 1022003, 1082310, 1127758, 840601]"
15,"[1029743, 1082185, 995242, 845208, 1070820]"
16,"[866227, 826249, 995242, 1082185, 914190]"
18,"[1068719, 840361, 1058779, 938700, 1052912]"
19,"[1044078, 859075, 1070015, 962229, 983584]"
20,"[1075368, 929018, 840361, 1126899, 897125]"
21,"[904360, 896369, 1029743, 1082185, 1096036]"
22,"[1082185, 979707, 962568, 944836, 825749]"
23,"[1082185, 995785, 1075368, 981760, 840361]"
24,"[983584, 1106523, 908531, 1007191, 1133018]"
25,"[995242, 1029743, 1041796, 850841, 1135768]"
26,"[1022254, 9707137, 857849, 833715, 834833]"
27,"[1076056, 7409957, 1082185, 1102416, 987480]"
28,"[940947, 916122, 926646, 979707, 995242]"
29,"[827180, 1029743, 1082185, 995242, 10149640]"
30,"[1082185, 981760, 1029743, 859075, 979707]"
31,"[1082185, 981760, 1040807, 901062, 844179]"
32,"[1003441, 1055853, 972569, 962568, 1093359]"
33,"[871756, 953476, 849843, 5569230, 1126899]"
34,"[1123792, 1044078, 1053690, 916381, 844165]"
35,"[1029743, 1044078, 1082185, 899624, 914190]"
36,"[1029743, 995242, 1024306, 826249, 962229]"
37,"[916990, 916381, 1097001, 844165, 1067695]"
39,"[1126899, 923746, 897125, 857503, 834484]"
40,"[995785, 903325, 995242, 840361, 6034857]"
41,"[1082185, 981760, 865705, 913210, 5568729]"
42,"[1082185, 879948, 7441391, 981760, 946839]"
43,"[1044078, 962229, 861272, 1053690, 844179]"
46,"[995242, 1029743, 899624, 903325, 849843]"
47,"[861272, 844179, 914190, 1029743, 1106523]"
49,"[1070820, 962229, 933835, 1004906, 1058997]"
50,[]
51,"[1012587, 962229, 880427, 965766, 1110572]"
52,"[1106523, 1133018, 995785, 962568, 915349]"
53,"[1055646, 6034857, 1082185, 849843, 953476]"
55,"[995242, 844165, 849843, 1053690, 1082185]"
56,"[979707, 981760, 8090537, 1058997, 908531]"
57,"[986912, 7139529, 908531, 1082185, 914190]"
58,"[1082185, 995785, 961554, 1070820, 1044895]"
59,"[972931, 847789, 962568, 1118533, 923746]"
62,"[914190, 1106523, 981760, 962568, 899624]"
63,"[8090521, 1098066, 5568378, 1044078, 8090537]"
64,"[1106523, 894236, 953476, 951590, 840361]"
65,"[965766, 962229, 1128016, 1085604, 986912]"
67,"[1029743, 961554, 933835, 965766, 995876]"
68,"[1029743, 995242, 883404, 1075470, 981760]"
69,"[989075, 951526, 972742, 1050131, 824555]"
70,"[1029743, 1039156, 1082185, 995242, 962568]"
71,"[1056509, 908531, 9836106, 994928, 1132280]"
72,"[979707, 945273, 8090521, 1033142, 1070820]"
75,"[1082185, 1029743, 995242, 981760, 1106523]"
77,"[1106523, 1082185, 1126899, 981760, 903325]"
78,"[1082185, 5591154, 849843, 9420312, 920308]"
79,"[1082185, 1070015, 1053690, 1105488, 899624]"
80,"[1039156, 971922, 845705, 896369, 1055504]"
81,"[1029743, 995242, 844165, 840601, 849843]"
82,"[849202, 847573, 8090521, 8090537, 880150]"
83,"[1082185, 1044078, 1106523, 1029743, 962568]"
84,"[1082185, 840361, 995242, 1043590, 1004906]"
85,"[995242, 979707, 1075368, 1022254, 961554]"
86,"[951590, 1039156, 883932, 854852, 1029743]"
87,"[979707, 1058997, 1004906, 962568, 995242]"
88,"[962229, 1044078, 1048462, 1096036, 1081177]"
90,[]
91,"[1082185, 1029743, 981760, 1106523, 1060269]"
92,"[962568, 923746, 834484, 1082185, 860776]"
94,"[1082185, 1029743, 979707, 981760, 995785]"
95,"[1029743, 995242, 9553031, 981760, 10285141]"
97,"[995242, 840361, 914190, 1096036, 833025]"
98,"[9526563, 1128647, 7168224, 1055646, 7167249]"
99,"[1082185, 1029743, 845208, 995242, 5584027]"
100,"[893501, 831536, 1053690, 903233, 1092026]"
101,"[1106523, 1133018, 1048462, 990797, 866227]"
103,"[1106523, 1080414, 1045220, 844179, 839147]"
104,"[840361, 961554, 995242, 1042438, 907631]"
105,"[1139830, 1074524, 1004906, 907014, 879755]"
106,"[1029743, 1082185, 844179, 5569230, 1028816]"
107,"[1029743, 827180, 1053690, 899624, 1082185]"
109,"[1082185, 961554, 840361, 873203, 1058997]"
110,"[1133018, 995785, 827683, 911470, 859075]"
111,"[1106523, 1133018, 899624, 994928, 844179]"
112,"[1011300, 1039156, 1029743, 962568, 1082185]"
113,"[1024306, 895070, 1095275, 893739, 879635]"
114,"[1029743, 5568489, 995242, 948670, 1070820]"
115,"[845208, 1013321, 1058997, 826249, 983584]"
116,"[976199, 914190, 1106523, 1104343, 847270]"
117,"[1082185, 840361, 1022254, 862349, 901062]"
118,"[1082185, 849843, 1058997, 896369, 995785]"
119,"[1002771, 908531, 825994, 1082185, 944836]"
121,"[1029743, 923746, 965766, 1068719, 1039156]"
122,"[940947, 916122, 995785, 1044078, 1065593]"
123,"[916122, 1056509, 826249, 981760, 849843]"
124,"[1037840, 833025, 883404, 1082185, 981760]"
125,"[1029743, 1010190, 844165, 1092026, 844179]"
126,"[995242, 1004906, 1082185, 1029743, 1106523]"
127,"[1106523, 962568, 899624, 1048462, 908531]"
128,"[1082185, 1055646, 1051516, 1043590, 1098248]"
131,"[1082185, 1055646, 1029743, 981944, 953134]"
132,"[1126899, 1110572, 854852, 1096036, 999134]"
133,"[962568, 995242, 866211, 903325, 1003600]"
134,"[998373, 1130858, 865456, 838186, 5569845]"
135,"[1082185, 861272, 862349, 1029743, 995242]"
136,"[1106523, 8090521, 1096036, 883404, 7409957]"
138,"[995785, 862349, 1033142, 1051516, 1070820]"
139,"[1082185, 968774, 1058997, 866211, 879635]"
140,"[1037840, 1065593, 1106523, 879755, 1092026]"
141,[]
142,"[1074524, 1082212, 990797, 944466, 5569327]"
143,"[995242, 844165, 1130858, 1106523, 1053690]"
146,"[834117, 1082185, 1029743, 995242, 1106523]"
151,"[995242, 916122, 1029743, 1082185, 1070820]"
153,"[1058779, 8011397, 8011282, 1139827, 1034499]"
156,"[1124729, 951590, 839147, 849843, 1022872]"
157,"[995242, 981760, 1082185, 1058997, 913210]"
158,"[1104343, 862349, 909894, 1128240, 1082185]"
159,"[857849, 1098066, 9527487, 8205218, 846823]"
160,"[962568, 894236, 1101010, 1082185, 1087102]"
161,"[1096036, 833025, 1098066, 1065593, 957063]"
162,"[1082185, 979707, 834484, 1029743, 6034857]"
164,"[1029743, 883404, 849843, 1022003, 983584]"
166,"[896938, 1101010, 1075368, 1053690, 914190]"
167,"[1029743, 1053690, 899624, 981760, 1082185]"
168,[]
169,"[1082185, 1029743, 1106523, 995242, 1039156]"
171,"[979707, 913210, 995785, 860776, 883404]"
172,"[953476, 5569230, 849843, 5569471, 1126899]"
174,[]
178,"[1053690, 1048462, 1092026, 10285144, 1040807]"
183,"[1082185, 995242, 849843, 1029743, 844165]"
184,"[848355, 923746, 896085, 5590287, 5586942]"
185,"[844165, 838186, 1041796, 990797, 844179]"
187,"[1082185, 1123792, 983584, 1029743, 908531]"
188,"[1033615, 1106523, 834833, 1133018, 849843]"
190,"[981760, 986912, 1029743, 995242, 1106523]"
191,"[995242, 910032, 1133018, 1082185, 994928]"
192,"[1029743, 981760, 995242, 1082185, 1027168]"
193,"[8090537, 914190, 1029743, 883404, 990797]"
194,"[834484, 845208, 903325, 961554, 820165]"
195,"[1082185, 1029743, 995242, 981760, 872137]"
196,"[1000753, 886703, 1106523, 826249, 883404]"
197,"[1082185, 882830, 838186, 1101173, 856252]"
198,"[899624, 1106523, 1133018, 1068719, 883404]"
199,"[948420, 1082212, 995242, 861272, 1029743]"
200,"[883404, 823990, 1138189, 1085604, 995785]"
201,"[1082185, 859075, 860776, 838186, 995785]"
202,"[1029743, 1082185, 994928, 908531, 981760]"
203,"[995785, 914190, 1106523, 1082185, 1029743]"
204,"[923746, 1070820, 1053690, 1126899, 1082185]"
205,"[1082185, 981760, 916122, 845208, 834484]"
208,"[1082185, 1055646, 919534, 979707, 1070820]"
209,"[899624, 923746, 849843, 995242, 908531]"
210,"[822241, 1123014, 1020682, 1135768, 849843]"
211,"[1082185, 862732, 945662, 962229, 1098066]"
212,"[995242, 1055646, 860776, 1056509, 8090521]"
213,[]
214,"[972569, 838258, 1003441, 1055853, 901062]"
215,"[1082185, 895540, 7167218, 916993, 5585635]"
216,"[986912, 6533936, 866227, 895540, 984715]"
217,"[1082185, 995785, 995242, 834484, 976199]"
218,"[860776, 1022254, 962568, 909714, 1116821]"
219,"[1082185, 1024306, 1055646, 981760, 866211]"
220,"[9553031, 834484, 867188, 995242, 1041796]"
221,"[995242, 1013321, 999134, 915621, 912553]"
222,"[1082185, 1126899, 849843, 5588666, 5586942]"
224,"[913278, 866227, 1128665, 908531, 896613]"
225,"[1029743, 1082185, 995242, 981760, 1106523]"
226,"[995242, 994928, 1029743, 1082185, 883404]"
227,"[919644, 852317, 1116578, 845193, 908531]"
228,"[1126899, 1058997, 866227, 824005, 1095275]"
230,"[1029743, 883404, 961554, 8090537, 1044078]"
232,"[995242, 1058997, 964968, 934676, 844165]"
233,"[1029743, 1055283, 1082185, 1106523, 981760]"
235,"[995785, 976199, 916122, 1070820, 9553031]"
236,"[1014948, 1029743, 861272, 866227, 1082185]"
239,"[834484, 962568, 860776, 1133018, 1013321]"
240,[]
241,"[995785, 860776, 1082185, 1029743, 995242]"
242,"[1029743, 883404, 1055646, 999104, 1081177]"
243,"[962568, 903325, 901062, 961554, 1126899]"
244,"[1082185, 849843, 1033615, 844165, 1070015]"
245,"[1082185, 1106523, 1029743, 1043590, 923746]"
246,"[1029743, 1082185, 1106523, 995242, 981760]"
247,"[1076056, 1000753, 1082185, 878445, 895540]"
248,"[1029743, 1126899, 849843, 1058997, 921836]"
249,"[883404, 1029743, 995242, 1053690, 1055646]"
250,"[989075, 885697, 951526, 12301109, 1092937]"
251,"[1070820, 883404, 1040807, 907631, 848029]"
252,[]
253,"[1106523, 1133018, 989069, 923746, 912681]"
254,"[1106523, 1029743, 1082185, 995242, 981760]"
256,"[1034686, 1075368, 1082212, 948670, 862349]"
257,"[1106523, 883404, 1070015, 1033615, 859075]"
258,"[995242, 909894, 1055646, 1070820, 849843]"
259,"[1082185, 10285141, 1029743, 1062128, 981760]"
260,"[921836, 1028816, 971922, 1053690, 1070820]"
262,"[1132771, 1040807, 5590287, 1004906, 5588666]"
263,"[1029743, 1055646, 995242, 826249, 908531]"
264,"[7025106, 934427, 953134, 826249, 1044078]"
265,"[961554, 1092026, 1034499, 979707, 1058997]"
266,"[1082185, 880427, 981760, 922318, 1011645]"
267,"[1082185, 1029743, 1106523, 995785, 995242]"
268,"[995242, 840361, 951590, 1082185, 1029743]"
269,"[1082185, 1131438, 1130858, 845208, 976955]"
270,"[1106523, 1029743, 1053690, 1082185, 995242]"
271,"[1106523, 844179, 923746, 1082185, 1029743]"
273,"[1106523, 840361, 865456, 907014, 883404]"
274,"[1106523, 995785, 979707, 859075, 1070015]"
275,"[1082185, 1133018, 923746, 840361, 1106523]"
276,"[962568, 995242, 867188, 971165, 8090521]"
278,"[1133018, 1106523, 995242, 1082185, 1029743]"
280,"[1106523, 1133018, 923746, 1130858, 9416729]"
281,"[1082185, 981760, 995785, 908531, 1070820]"
282,"[995242, 976998, 1071333, 979707, 861272]"
283,"[1070820, 914190, 826249, 1013321, 907631]"
284,[]
285,"[995242, 1025611, 969866, 899624, 981760]"
286,"[845208, 834117, 962229, 10149640, 844165]"
287,"[969866, 1033615, 1106523, 822785, 985119]"
288,"[1082185, 1055646, 983584, 834484, 995785]"
289,"[1082185, 981760, 976199, 903325, 1104343]"
290,"[923746, 995242, 1068719, 962229, 1096036]"
291,"[1050131, 951526, 1106523, 1123792, 989069]"
292,"[1106523, 1029743, 1082185, 826249, 995242]"
294,"[1133018, 1106523, 860776, 834484, 995785]"
297,"[874972, 1029624, 1071939, 907631, 12810393]"
300,"[1106523, 1029743, 923746, 896369, 826249]"
301,"[5588238, 5578494, 5585727, 1074333, 879528]"
302,"[981760, 1029743, 1082185, 1124729, 1106523]"
303,"[995242, 907014, 1040807, 8090509, 951590]"
304,"[1029743, 923746, 1106523, 10285144, 10285141]"
305,"[1029743, 922127, 8090532, 861272, 995242]"
306,"[878234, 910032, 933835, 923746, 883404]"
307,"[1082185, 961979, 845208, 839849, 1029743]"
308,"[995785, 1082185, 1110572, 1058997, 824005]"
311,"[1106523, 908181, 1082185, 844165, 962568]"
312,"[10121965, 923673, 962568, 872137, 1022254]"
314,"[918335, 1106523, 1058997, 1034686, 833556]"
316,"[845537, 900491, 1053763, 1050131, 981760]"
317,"[1029743, 983584, 951590, 913278, 844179]"
318,"[1106523, 1029743, 5569230, 981760, 1082185]"
321,"[1082185, 923746, 840361, 1058997, 1126899]"
322,"[862349, 872137, 1057260, 1070820, 923746]"
323,[]
324,"[1082185, 903325, 1070820, 840361, 1033142]"
325,"[1029743, 994928, 976199, 1053690, 995242]"
326,"[8090521, 5569230, 962229, 1082185, 850102]"
327,[]
328,"[1024306, 925862, 821083, 1070820, 1028816]"
329,"[1082185, 995785, 1095275, 826249, 860776]"
330,"[995242, 857849, 994928, 1004906, 849843]"
331,"[925514, 1004906, 1051069, 861272, 995242]"
332,"[1058997, 862349, 908181, 1065593, 1070820]"
333,[]
334,"[1082185, 1139830, 847982, 849843, 860776]"
338,"[1137688, 995242, 1037863, 1133018, 1106523]"
339,"[1106523, 1055646, 916767, 922907, 923746]"
342,"[1036432, 835576, 824555, 1050131, 911215]"
343,"[981760, 1133018, 1106523, 995242, 1029743]"
345,"[840361, 1104343, 976199, 1013641, 859010]"
346,"[1082185, 995242, 1029743, 981760, 849843]"
347,[]
348,"[1025611, 883404, 1088835, 1043590, 1056509]"
349,"[1065593, 994928, 844179, 986912, 1092026]"
350,"[962568, 899624, 995785, 1082185, 860776]"
351,"[1082185, 1067606, 899624, 1075470, 865456]"
353,"[1022254, 901062, 979707, 908846, 820165]"
354,"[914190, 962229, 1056509, 852317, 859075]"
356,"[916767, 995242, 834117, 883404, 1132770]"
357,"[1082185, 1040807, 1098066, 1126899, 983584]"
358,"[981760, 1106523, 961554, 976199, 1068719]"
360,"[1073150, 1082185, 5568378, 1029743, 866227]"
361,"[1082185, 1106523, 1133018, 859075, 865456]"
362,"[1022254, 986912, 923746, 866227, 1082185]"
364,[]
365,"[1082185, 901403, 1062128, 908213, 1132771]"
366,"[999971, 1082185, 1106523, 1029743, 981760]"
367,"[1082185, 1070820, 903325, 862349, 961554]"
369,"[1082185, 1033615, 959409, 840361, 1029743]"
371,"[903325, 907631, 840361, 961554, 890695]"
373,[]
374,"[1074524, 844165, 965766, 990797, 870515]"
375,"[1044895, 1132280, 8090532, 1029743, 914190]"
376,"[1133018, 1061220, 840361, 883404, 1043590]"
377,"[1082185, 1029743, 1126899, 840361, 899624]"
378,"[1082185, 933835, 944534, 833025, 9553031]"
380,"[1004906, 1106523, 826249, 899624, 923746]"
381,"[1075368, 859075, 933835, 1029743, 995242]"
382,"[1029743, 1106523, 995242, 8090537, 1068719]"
383,"[1082185, 961554, 1126899, 1003441, 878234]"
384,"[12384365, 1058997, 861272, 1075368, 854405]"
385,"[903325, 995785, 883404, 1058997, 833025]"
386,"[849843, 883404, 938700, 868075, 844165]"
387,"[1126899, 903325, 916122, 928754, 1058997]"
388,"[1029743, 10285144, 995242, 849843, 847789]"
389,"[1082185, 961554, 1058997, 1126899, 1079987]"
390,"[1053690, 5569230, 844165, 951590, 1082185]"
392,"[981760, 834484, 962568, 903325, 1133018]"
393,"[1029743, 995242, 1013928, 994928, 1055646]"
394,"[1082185, 901062, 1004906, 854852, 834484]"
395,"[1053690, 1029743, 1106523, 981760, 923746]"
396,"[1082185, 1075368, 908846, 901062, 1058997]"
397,"[1126899, 840361, 995242, 1058997, 1116821]"
398,"[1092026, 1053690, 1076875, 916381, 840601]"
400,"[1082185, 1029743, 923746, 883404, 1055646]"
401,"[1071333, 903674, 827683, 9553031, 1124729]"
402,"[859075, 914190, 1004906, 854852, 1082185]"
404,"[1033142, 979707, 837107, 902167, 1003600]"
405,"[1055646, 834484, 845193, 860776, 1039156]"
406,"[1082185, 1012816, 1057260, 981760, 1029743]"
407,"[983584, 962568, 908531, 1029743, 1082185]"
409,"[979707, 1070820, 916122, 1098248, 999858]"
410,"[1082185, 923746, 866227, 1029743, 849843]"
411,"[995785, 923746, 1106523, 860776, 1075368]"
412,"[995785, 1095275, 866227, 1005274, 1133018]"
413,"[1082185, 923746, 1106523, 849843, 854852]"
414,"[1029743, 1106523, 1033615, 940947, 1061220]"
415,"[979707, 1082185, 962568, 1004906, 859075]"
417,"[1082185, 995242, 1029743, 1065593, 896369]"
418,"[5588666, 5585635, 5590287, 5591154, 5584027]"
420,[]
421,"[981760, 923746, 1012816, 1110572, 1070820]"
425,"[883404, 1106523, 923746, 849843, 840361]"
426,"[1082185, 1070820, 962568, 862349, 860776]"
427,"[1082185, 981760, 962568, 1029743, 1009449]"
429,"[1029743, 1082185, 1098066, 948670, 995242]"
430,"[1082185, 861272, 840361, 953476, 908213]"
432,"[883404, 995242, 859075, 1004906, 1044078]"
433,"[998373, 1082185, 896613, 1106523, 1068719]"
434,"[1022119, 1048462, 9527158, 7167249, 7167218]"
435,"[8090537, 1029743, 1082185, 1106523, 981760]"
437,"[1082185, 1095275, 962229, 976955, 1053690]"
438,"[1055646, 840361, 860776, 1133018, 1003188]"
441,"[1038985, 1082185, 860776, 1123792, 1137688]"
442,"[961554, 979707, 878234, 1095275, 9527158]"
443,"[867188, 923746, 981760, 1068719, 833025]"
446,[]
447,"[1057260, 847789, 1118533, 845208, 1075368]"
449,"[1092026, 844179, 1085604, 1053690, 1123792]"
450,"[1055646, 1053690, 922907, 1092026, 1030819]"
451,"[1082185, 860776, 1029743, 1070820, 1068292]"
454,"[1036432, 835576, 824555, 989075, 899624]"
457,"[1029743, 1082185, 10285141, 979707, 995785]"
458,"[1055646, 833025, 849843, 923746, 843756]"
459,"[979707, 844165, 1082185, 972312, 885290]"
460,"[1082185, 1078346, 834484, 1029743, 1052912]"
461,"[1050851, 1019744, 1046262, 1004906, 1082185]"
462,"[1082185, 962568, 999858, 854852, 1105917]"
463,"[1106523, 901062, 1133018, 962568, 878234]"
464,"[995242, 1022254, 923746, 937571, 1056509]"
466,"[1025611, 1082185, 918368, 1044078, 893018]"
467,"[834484, 1106523, 913210, 900802, 910291]"
468,"[1106523, 925514, 1080414, 1116578, 852317]"
469,"[1082185, 868423, 1083721, 1009449, 7025114]"
470,"[840601, 1082185, 995242, 849843, 1029743]"
471,[]
474,"[1053690, 1092026, 844165, 913785, 844179]"
477,[]
478,"[844179, 1092026, 1085604, 1053690, 953476]"
479,"[1106523, 1133018, 1092026, 1085604, 844165]"
480,"[857503, 1070820, 840361, 854754, 1051516]"
482,[]
483,"[1106523, 1011300, 1043590, 914190, 923746]"
484,"[883404, 1013321, 862349, 1038217, 896369]"
485,"[1029743, 995242, 923746, 919534, 951590]"
487,"[914190, 1053690, 1058997, 981760, 1092026]"
489,"[5586642, 5586076, 1138443, 1087102, 5585727]"
491,"[962568, 976199, 1056509, 903325, 1055504]"
493,"[1029743, 995242, 965766, 908531, 911812]"
495,"[1029743, 883404, 971165, 923746, 913210]"
497,"[1082185, 1058997, 1029743, 923746, 1106523]"
502,"[1029743, 1033615, 1101173, 849843, 847789]"
503,"[1070820, 861272, 1073150, 1122568, 1085604]"
505,"[1132770, 953476, 844179, 1053690, 1029743]"
506,"[995785, 859075, 995242, 1082185, 1106523]"
507,"[1106523, 883404, 1029743, 1082185, 995242]"
508,"[1075470, 883404, 981521, 1133018, 1098066]"
510,"[1070820, 862349, 844165, 878234, 1003600]"
511,"[1029743, 995242, 908531, 983584, 844165]"
513,"[962568, 1011300, 908318, 914190, 856252]"
514,"[5587043, 5584645, 5586642, 820165, 995785]"
515,"[1106523, 999714, 999134, 849843, 1070702]"
516,"[1110572, 844179, 1026118, 986912, 1053690]"
517,"[840361, 834484, 1041259, 908846, 1126899]"
518,"[1038985, 979707, 995876, 1053690, 995242]"
520,"[981760, 1133018, 1106523, 883404, 913210]"
521,"[1029743, 5569230, 1106523, 995242, 1133018]"
523,"[1082185, 1076056, 914190, 1039156, 894236]"
524,"[1106523, 1082185, 995785, 981760, 1055646]"
525,"[1011300, 5569230, 849843, 1039156, 968215]"
526,"[1039156, 852317, 922318, 923746, 892008]"
527,"[861272, 865456, 933835, 912704, 1027569]"
531,"[981760, 1029743, 995242, 1082185, 1106523]"
533,"[995242, 899624, 857849, 994928, 1055646]"
534,"[861272, 1003600, 1071333, 7167218, 874058]"
537,"[995785, 844179, 1133018, 1106523, 981760]"
538,"[1082185, 962568, 1129671, 1070820, 909714]"
539,"[1082185, 995785, 923746, 981760, 916122]"
540,"[1082185, 995785, 1068719, 860776, 916122]"
542,"[840361, 8090537, 916122, 1106523, 844165]"
543,"[1126310, 1100410, 964327, 1113588, 8090521]"
544,"[861272, 1029743, 1085604, 981760, 1106523]"
545,"[895540, 1040807, 9571047, 840361, 922127]"
547,"[885290, 962229, 913210, 999971, 947798]"
548,"[923746, 860776, 847270, 854852, 995242]"
550,[]
552,"[1106523, 1133018, 899624, 907631, 983584]"
553,"[995242, 953476, 960984, 962568, 951590]"
554,"[1082185, 8090537, 883404, 1029743, 995242]"
556,[]
557,"[1082185, 834484, 1029743, 857503, 1133018]"
558,"[1106523, 995785, 827683, 844179, 965766]"
560,"[995242, 1029743, 933835, 849843, 861272]"
562,"[1082185, 965842, 1029743, 1044805, 957951]"
563,"[833723, 913202, 1075368, 945662, 873527]"
564,"[867188, 962229, 824005, 834117, 1029743]"
566,[]
567,"[886703, 1139830, 1074524, 844179, 1044078]"
568,"[959409, 985119, 834833, 1106523, 947798]"
569,"[995242, 1029743, 1082185, 1126899, 981760]"
570,[]
574,"[1029743, 995242, 914190, 834484, 908531]"
575,"[1106523, 1100410, 883404, 862349, 911812]"
576,"[1082185, 951412, 862349, 8090532, 1028816]"
577,"[1082185, 1029743, 1122568, 907014, 940947]"
578,"[8090521, 1092026, 854405, 1082185, 1002558]"
579,"[938700, 962568, 1029743, 1082185, 1044078]"
580,"[1056509, 940947, 1041796, 948232, 1030819]"
581,"[983584, 1126899, 1002558, 1105917, 1070820]"
582,"[1041259, 1119051, 847270, 866227, 1044805]"
583,"[1056509, 5569230, 8090521, 1053690, 999971]"
586,"[1029743, 1055646, 1053690, 883404, 865456]"
587,"[938700, 911470, 863449, 962568, 1029743]"
588,"[1106523, 882830, 1024306, 10121965, 826249]"
590,"[1081177, 916122, 859075, 1106523, 981760]"
591,"[1106523, 826249, 860776, 854852, 1133018]"
593,"[1082185, 5592931, 1038217, 883404, 1106523]"
594,"[1106523, 1133018, 871756, 981521, 1065593]"
595,"[883404, 834484, 860776, 1110793, 867188]"
596,"[1106523, 8090521, 1068719, 8090537, 1038217]"
598,"[1133018, 981760, 976199, 872137, 923746]"
600,"[1029743, 995242, 912681, 1110572, 916122]"
602,"[1014948, 1120741, 1027168, 849202, 1055646]"
603,"[9527487, 6463658, 1051305, 7167249, 1022872]"
604,"[1082185, 1029743, 10285141, 820560, 862349]"
605,"[834484, 1133018, 1106523, 1126899, 820165]"
606,"[1029743, 840361, 923746, 995242, 1026118]"
608,"[1106523, 1039156, 1133018, 844165, 910673]"
609,"[8090537, 1038985, 849843, 976998, 868764]"
610,[]
611,"[953476, 1103629, 1029743, 844179, 1082185]"
612,"[1029743, 953476, 861272, 1101173, 995242]"
613,[]
614,"[965766, 1029743, 1055646, 834484, 961554]"
615,"[995242, 1029743, 1082185, 1106523, 849843]"
617,"[979707, 1116821, 1126899, 1082185, 951412]"
618,"[1106523, 1133018, 1070820, 908531, 1101010]"
621,"[981760, 940947, 938700, 844179, 923746]"
622,"[826249, 1106523, 986912, 879755, 1098066]"
623,"[1029743, 934427, 995242, 999971, 1044078]"
624,"[1133018, 1106523, 899624, 923746, 908531]"
630,"[1082185, 1003441, 995785, 962568, 972569]"
631,"[1082185, 995242, 981760, 979707, 849843]"
632,"[1055646, 1029743, 953476, 1057260, 1065593]"
633,"[1102416, 1123014, 1084331, 1075368, 1080414]"
636,"[6773204, 899624, 1084331, 912681, 1022254]"
637,"[979707, 914190, 1092026, 859075, 834484]"
638,"[1029743, 849843, 995785, 833025, 923746]"
640,[]
641,"[1126899, 983584, 909268, 860776, 965842]"
643,"[1055646, 867188, 872729, 5588666, 1082185]"
644,"[1082185, 1033142, 948670, 862349, 1005274]"
647,"[8090537, 5568378, 1029743, 5585635, 899624]"
648,"[979707, 903325, 1119051, 1065593, 5578547]"
650,"[1082185, 1029743, 981760, 849843, 1106523]"
652,"[883404, 847344, 1084331, 1051211, 890610]"
653,"[995242, 840361, 918335, 1034686, 917033]"
654,"[1055646, 10121965, 944137, 995242, 859010]"
655,"[1070015, 1044078, 995242, 1106523, 1134522]"
658,"[10285141, 1070015, 1039156, 995242, 1123792]"
659,"[844179, 1133018, 862139, 1106523, 1029743]"
660,"[1126899, 916122, 1057260, 885023, 936924]"
661,"[995242, 899624, 866950, 986912, 1014802]"
662,"[1070272, 913210, 859075, 1082185, 849843]"
663,"[1082185, 953476, 1053690, 1022872, 1092026]"
665,"[995242, 1106523, 951590, 1068719, 994928]"
666,"[914190, 1033615, 1106523, 873203, 937626]"
667,"[1082185, 923746, 995242, 1022254, 845208]"
668,"[1058997, 1082185, 995242, 893501, 1029743]"
669,"[1082185, 1126899, 840361, 981760, 1104343]"
670,"[1029743, 995242, 979707, 1041259, 914190]"
671,"[1029743, 1083721, 995242, 1022003, 1039156]"
672,"[961554, 10285141, 908531, 849843, 983584]"
673,"[1029743, 827683, 1053690, 908531, 849843]"
674,"[1098066, 1029743, 865456, 845109, 995785]"
675,"[981760, 1133018, 844165, 1022254, 1096036]"
676,"[883404, 899624, 1081177, 1106523, 1044078]"
680,"[995242, 860776, 1098066, 962229, 930917]"
681,"[948420, 890695, 856252, 869577, 1027168]"
684,"[849843, 1106523, 861272, 6773238, 1022003]"
685,"[961554, 1074524, 962568, 1030819, 948420]"
687,"[1029743, 840361, 951590, 1133018, 5569230]"
690,"[883404, 962568, 849843, 1022254, 923746]"
691,"[989069, 981760, 8011397, 8011282, 1096036]"
692,"[1082185, 1055646, 894236, 1104343, 1119051]"
693,"[962229, 1028816, 1071939, 1070820, 1057260]"
694,"[995242, 1029743, 844165, 8090537, 826249]"
695,"[1029743, 899624, 962568, 995785, 981760]"
696,"[1082185, 5569845, 5591154, 9526886, 923746]"
697,"[893501, 944836, 872137, 820165, 847270]"
698,"[1106523, 840361, 883404, 965766, 1133018]"
699,"[899624, 1029743, 923746, 852864, 917033]"
700,"[1132771, 1029743, 863447, 1106523, 934369]"
701,"[1082185, 5569374, 981760, 1029743, 1068719]"
702,"[1082185, 972742, 1029743, 899624, 1065593]"
703,"[995242, 909714, 1058997, 1041796, 1057102]"
705,"[1029743, 862349, 1106523, 1133018, 827683]"
706,"[883404, 1029743, 1070820, 933835, 1040807]"
707,"[1029743, 903325, 914190, 923746, 844179]"
708,"[932179, 1029743, 995242, 1074524, 1068719]"
709,"[908531, 878234, 1075368, 914190, 860776]"
710,"[989075, 951526, 1050131, 1106523, 900491]"
711,"[839147, 1092026, 1085604, 1044078, 1053690]"
712,"[1082185, 981760, 913210, 845208, 1011645]"
713,"[5569230, 8090521, 962229, 1082185, 5568378]"
714,"[1082185, 1126899, 999858, 883404, 899624]"
715,"[995242, 1133018, 925514, 851057, 910291]"
716,"[1106523, 860776, 847982, 1029743, 1082185]"
717,"[861445, 995242, 902167, 1085604, 844179]"
718,"[883404, 849843, 859075, 938700, 860776]"
719,"[1082185, 933835, 1040807, 1133018, 1029743]"
720,"[863447, 1055504, 1082185, 854852, 993466]"
721,"[862732, 1126899, 5569230, 1011300, 1106523]"
722,"[5588666, 1133018, 5585635, 5586942, 1106523]"
723,"[1082185, 1029743, 995242, 1106523, 981760]"
725,"[899624, 1106523, 962568, 1133018, 826249]"
726,"[994928, 1082185, 1042438, 933835, 840361]"
727,"[923746, 1133018, 918335, 1043590, 1106523]"
728,"[1029743, 1041796, 976199, 899624, 995242]"
729,"[1029743, 1082185, 844165, 1068719, 986912]"
730,"[1058997, 1126899, 1029743, 995242, 1106523]"
731,"[868764, 893501, 1053690, 847982, 1070015]"
733,"[1082185, 923746, 857849, 907014, 1106523]"
734,"[995242, 1082185, 1029743, 995785, 1106523]"
735,"[1053690, 1082185, 908846, 1106523, 1072523]"
736,"[1055646, 899624, 962568, 834484, 981760]"
740,"[1024306, 962568, 995785, 995242, 916122]"
741,"[962568, 1008316, 823721, 998373, 916122]"
742,"[844165, 944317, 936594, 882441, 1076875]"
743,"[12384775, 1131550, 1077975, 929433, 1111839]"
744,"[1058997, 962568, 840361, 862349, 992529]"
745,"[1082185, 1077975, 1014238, 922127, 967395]"
747,"[914190, 8090509, 8090537, 1126899, 1084331]"
748,"[1106523, 1122358, 1055646, 934427, 1133018]"
749,[]
750,"[919534, 845705, 1022872, 1088835, 1082185]"
752,"[986912, 1137688, 1100972, 861272, 872137]"
753,"[1082185, 981760, 1029743, 872137, 983584]"
754,"[1082185, 1127624, 1126899, 935284, 862349]"
755,"[962568, 1058997, 10149640, 860776, 1137775]"
757,"[1082185, 1039156, 986760, 962229, 826249]"
759,"[962568, 854852, 1029743, 1106523, 1053690]"
761,"[1029743, 1106523, 976199, 995242, 1133018]"
762,"[861272, 866227, 986912, 1095275, 7167218]"
764,"[1082185, 981760, 1029743, 1083721, 923746]"
766,"[962568, 903325, 961554, 1055646, 5582789]"
767,"[1029743, 840361, 981760, 1126899, 1053690]"
768,"[995242, 1029743, 1100410, 845208, 994928]"
769,"[1106523, 1070272, 953476, 1058997, 982493]"
770,"[1029743, 1053690, 863447, 1075368, 944836]"
771,"[979707, 854852, 840361, 961554, 916122]"
773,"[1082185, 860776, 1070820, 981760, 854852]"
776,"[865891, 1029743, 871756, 1012873, 1022003]"
777,"[962568, 1029743, 923746, 1132771, 1082185]"
779,"[1057260, 872137, 1075368, 976199, 834484]"
781,"[912681, 871061, 910673, 854405, 12946027]"
784,"[1082185, 912681, 1055646, 979707, 908531]"
786,"[1106523, 981760, 1133018, 1096036, 5569230]"
787,"[950557, 1082185, 894236, 999104, 7025114]"
788,"[844165, 849843, 1124729, 925514, 1043590]"
789,"[1106523, 844165, 1068719, 995242, 1092026]"
790,"[826249, 1070015, 961554, 844165, 845208]"
793,"[1122358, 1082185, 981760, 995242, 833025]"
794,"[911812, 1051211, 1082185, 979707, 1101174]"
795,[]
796,"[995242, 923746, 969866, 1029743, 1106523]"
798,"[1058997, 994928, 908531, 1126899, 1082185]"
799,"[1082185, 1126899, 1058997, 901062, 843756]"
800,"[916122, 1079987, 12301073, 995242, 1104343]"
801,"[1082185, 914190, 1009449, 1053690, 976199]"
802,"[1082185, 981760, 1041796, 983584, 1029743]"
803,"[1082185, 962568, 995242, 1029743, 1106523]"
804,"[1080414, 1029743, 1013928, 1133018, 925514]"
805,"[916122, 899624, 979707, 960732, 1068292]"
806,"[897125, 1013321, 1119761, 839419, 8090532]"
807,"[1029743, 1126899, 961554, 860776, 1013321]"
808,"[1029743, 844165, 861701, 1036501, 1110572]"
810,"[1028816, 993638, 1029743, 1082185, 995242]"
811,"[5568378, 981760, 923746, 1126899, 1070820]"
813,"[912681, 932179, 895540, 1044805, 995785]"
814,"[907631, 844179, 844165, 995242, 908846]"
816,"[1082185, 1075368, 1029743, 862349, 995242]"
817,"[1082185, 981760, 12384365, 1070820, 928754]"
818,"[1082185, 1029743, 1077975, 1126899, 962568]"
820,"[12648296, 849843, 1037840, 1106523, 1124729]"
822,[]
823,"[1055646, 1106523, 859075, 867188, 1104343]"
824,"[1082185, 1106523, 923746, 845208, 962229]"
825,"[1058997, 5582789, 12384365, 938700, 843756]"
826,"[1082185, 1106523, 913785, 859075, 1133018]"
829,"[1082185, 997506, 872729, 1029743, 995242]"
830,"[1082185, 1106523, 899624, 845208, 1133018]"
831,"[995242, 1055646, 856252, 890695, 1003421]"
836,"[927191, 1053690, 844179, 923746, 1037840]"
837,"[1082185, 1029743, 1133018, 854852, 995242]"
840,"[1029743, 965766, 1038985, 1013321, 908318]"
841,"[1106523, 883404, 916122, 1133018, 1044078]"
842,"[1053690, 882441, 920308, 844165, 1128647]"
844,"[1082185, 840361, 995242, 1055646, 923746]"
845,"[861272, 951590, 1126899, 8090537, 916122]"
846,"[1082185, 981760, 1029743, 1053690, 847344]"
847,"[1082185, 962568, 867188, 963835, 1004906]"
848,"[1119879, 911215, 1036432, 972742, 1044078]"
850,"[847789, 923746, 1106523, 823990, 995242]"
852,"[1070820, 820165, 1126899, 1058997, 862349]"
853,"[821083, 970030, 1117514, 861272, 951412]"
854,"[1071939, 834484, 826249, 1053690, 844179]"
855,"[1029743, 981760, 6533936, 962568, 986912]"
856,"[959409, 995242, 1068719, 995785, 990797]"
857,"[1139830, 1075470, 995242, 7409957, 1055646]"
858,"[1029743, 1082185, 995242, 1106523, 1053690]"
859,"[1075368, 914190, 948420, 832678, 1058779]"
861,[]
862,"[1041796, 979707, 1068719, 1103629, 849843]"
863,"[995242, 1037337, 863447, 916122, 1003188]"
864,"[1029743, 981760, 883404, 899624, 833025]"
865,"[1128647, 1075368, 899624, 1106523, 1067606]"
866,"[1106523, 844179, 1133018, 908531, 983584]"
867,"[1075368, 983584, 908531, 1133018, 986912]"
868,"[1075470, 1124674, 1022097, 912704, 1129671]"
869,"[1068719, 5592931, 1034499, 826249, 1044078]"
871,"[1082185, 961554, 979707, 923746, 1104343]"
875,"[1082185, 1124729, 962568, 1126899, 1055646]"
876,"[885863, 840361, 916993, 1058997, 916122]"
877,"[981760, 1126899, 1082185, 1029743, 871061]"
878,"[1133018, 1106523, 838186, 986912, 866227]"
879,"[962568, 916122, 880150, 903325, 911812]"
880,"[951590, 1029743, 981760, 849843, 1070820]"
881,[]
882,"[1106523, 1065593, 833025, 957063, 1029743]"
883,"[1082185, 962568, 995785, 995242, 961554]"
884,[]
885,"[923746, 1076875, 1106523, 1055646, 1020682]"
886,"[1070820, 1029743, 981760, 1058997, 1126899]"
887,"[878445, 845109, 860776, 874058, 1043590]"
888,"[6034857, 913210, 916122, 859075, 840361]"
889,"[1082185, 1024306, 10121965, 1077703, 1055425]"
891,"[919948, 1012587, 861445, 913278, 925514]"
893,"[1106523, 913785, 872137, 1119879, 953476]"
894,"[1082185, 825541, 1119051, 874149, 860776]"
895,"[1082185, 965766, 961554, 999104, 919534]"
897,"[1039156, 1029743, 995242, 844165, 981760]"
898,"[995785, 903325, 840361, 1029743, 909268]"
900,"[923746, 1133018, 979707, 1068719, 866227]"
903,[]
904,"[1082185, 1029743, 995242, 1106523, 981760]"
906,"[1082185, 1106523, 1133018, 995785, 1058997]"
907,"[1077143, 981760, 840361, 896613, 1057260]"
908,"[1029743, 1070820, 1104343, 862349, 899624]"
909,"[1029743, 899624, 1055646, 995242, 976199]"
911,"[1082185, 834484, 1058997, 979707, 1022254]"
913,"[1070820, 834117, 1058997, 1082185, 1029743]"
914,"[1033142, 1128647, 1073150, 823721, 918733]"
915,"[1057260, 1068719, 833025, 883404, 826385]"
916,"[1075368, 1098066, 1106523, 861272, 1126899]"
919,"[1128647, 937626, 1029743, 882441, 1113588]"
920,"[1106523, 914190, 1133018, 5592931, 994928]"
922,"[1082185, 923746, 1039156, 1058997, 995242]"
924,"[1029743, 1075470, 995242, 826249, 1082185]"
926,"[903325, 995785, 1138443, 981760, 1126899]"
927,"[1082185, 962568, 976199, 995242, 981760]"
928,"[908531, 872137, 1037863, 923746, 1077490]"
929,"[951526, 989075, 1036432, 1053763, 824555]"
930,"[962568, 834484, 981760, 1082185, 1029743]"
931,"[1126899, 1001148, 1041796, 1107289, 1042544]"
934,"[961554, 1071939, 1004906, 1106523, 1013321]"
935,[]
936,"[1082185, 1106523, 995242, 1029743, 919534]"
937,"[5585186, 5586642, 5588238, 5587043, 5585636]"
939,"[953476, 822407, 1106523, 1029624, 1102416]"
940,"[1123792, 1065593, 976998, 1082185, 953476]"
941,"[9677236, 5568378, 12384365, 1053690, 953476]"
942,"[1015539, 946995, 1123792, 9420312, 1029624]"
943,"[1106523, 1053690, 10285144, 5592931, 1133018]"
944,"[962568, 979707, 866211, 1004906, 1106523]"
946,"[845109, 1133018, 866211, 849843, 1068719]"
947,"[1101010, 866227, 1110764, 986760, 883003]"
949,"[850841, 1029743, 968932, 8090537, 1135768]"
951,"[1029743, 981760, 1082185, 1039156, 1106523]"
952,"[1075368, 1122358, 1048462, 893018, 896369]"
953,"[5584027, 907128, 965842, 983936, 947798]"
954,"[914190, 1053690, 845208, 1029743, 1071939]"
955,"[903674, 1022843, 831815, 995876, 827683]"
956,"[923746, 1070820, 969866, 933835, 849843]"
957,"[5592931, 953134, 1068719, 994928, 866227]"
959,"[1082185, 1003188, 1106523, 1051093, 1029743]"
960,"[1053690, 908531, 5569230, 981760, 1106523]"
961,"[1082185, 995242, 1070820, 849843, 951590]"
964,"[1106523, 962568, 840361, 899624, 883404]"
965,"[883404, 871756, 944534, 1058997, 990797]"
967,[]
968,"[1029743, 995785, 883404, 859075, 1029624]"
969,"[1082185, 1029743, 883404, 995242, 1106523]"
971,"[1075368, 10121965, 908531, 995242, 895540]"
972,"[862349, 1107553, 1082185, 866227, 1029743]"
973,"[859075, 1055646, 945273, 1081177, 960984]"
974,[]
975,"[1082185, 1098248, 944836, 913785, 902167]"
976,"[1127831, 852856, 933835, 914190, 860776]"
978,"[969866, 1082185, 1106523, 995785, 916122]"
979,"[1029743, 995242, 1082185, 899624, 903325]"
981,"[5569230, 844179, 1053690, 1106523, 1085604]"
982,"[995876, 979746, 833723, 1083721, 910032]"
983,"[1029743, 995242, 1075368, 919948, 1095275]"
984,"[903325, 1119051, 995785, 1082185, 1126899]"
985,"[1029743, 962568, 1040807, 914190, 908846]"
986,"[916122, 1065593, 849843, 873964, 8090440]"
987,"[824005, 819978, 1137775, 986912, 1101010]"
988,"[981760, 1070820, 862349, 1033615, 947798]"
989,"[899624, 1071333, 1029743, 866950, 986912]"
991,"[1026118, 986912, 844179, 1039156, 1096036]"
992,"[871440, 896369, 1029743, 913210, 1106523]"
993,"[1082185, 995242, 951590, 1101010, 971922]"
996,"[1055646, 1133018, 923746, 994928, 1040807]"
997,"[1082185, 5584027, 5586942, 5585635, 5584620]"
998,"[1044895, 1000753, 1044078, 1038217, 1037840]"
999,"[1029743, 907631, 983584, 883404, 1082185]"
1000,"[1082185, 1139830, 986760, 986912, 911470]"
1001,"[1095275, 1053690, 1051211, 930917, 893501]"
1003,"[1070820, 1055646, 976199, 1133018, 862349]"
1004,"[995242, 1029743, 849843, 1096036, 930917]"
1005,"[1033142, 995242, 1119761, 1081189, 1077975]"
1007,"[883404, 1029743, 995242, 983584, 908531]"
1008,"[910473, 1065593, 8090521, 1126899, 844165]"
1010,"[1082185, 1029743, 1106523, 883404, 1127831]"
1011,"[944836, 1043301, 908846, 1058997, 987724]"
1012,"[844165, 849843, 1070820, 862349, 859075]"
1014,"[981760, 976199, 923746, 872137, 1022254]"
1015,"[1082185, 1037332, 995242, 5582789, 840361]"
1018,"[1070820, 981760, 1036501, 1070015, 862732]"
1019,"[1028816, 863447, 1106523, 1082185, 840361]"
1020,"[1082185, 995785, 1070820, 899624, 961554]"
1021,"[1082185, 1029743, 981760, 849843, 1070820]"
1023,"[847270, 1105488, 908846, 1014948, 957736]"
1024,"[1106523, 940947, 1133018, 903325, 1040807]"
1025,"[1106523, 983584, 1055646, 908531, 1133018]"
1027,"[1132771, 981760, 899624, 1126899, 1082185]"
1029,"[999858, 1126899, 1115576, 5578547, 908318]"
1030,[]
1034,[]
1038,"[865330, 999971, 1033615, 1133018, 994928]"
1039,"[1029743, 951590, 5569230, 835098, 5569471]"
1040,"[1082185, 1075368, 1126899, 849202, 1056973]"
1041,"[882441, 1106523, 851057, 916381, 1113588]"
1042,"[916122, 862349, 903325, 1054262, 987562]"
1043,[]
1045,"[998373, 1095275, 1058997, 989824, 1101173]"
1046,"[861272, 1126899, 986947, 1058997, 9705473]"
1047,"[899624, 1110572, 995242, 1133018, 1106523]"
1050,"[840361, 1092026, 899624, 962229, 998373]"
1051,"[1082185, 1029743, 883404, 981760, 1004906]"
1053,"[979707, 914190, 1084331, 971922, 847270]"
1057,"[908318, 973861, 1082185, 905986, 5585727]"
1058,"[849843, 925514, 962118, 844165, 9527487]"
1060,"[1082185, 861272, 1055646, 995242, 995785]"
1061,"[917494, 900491, 989075, 1036432, 1050131]"
1062,"[1116578, 919644, 1127624, 962568, 1029743]"
1064,"[1055646, 849843, 990797, 913210, 976199]"
1066,"[995242, 981760, 844165, 962568, 1133018]"
1067,"[931671, 1075368, 882830, 893501, 1126899]"
1068,"[1025611, 985427, 1101173, 1050131, 999779]"
1069,"[995242, 989069, 908531, 999858, 865456]"
1070,"[983584, 968774, 10285141, 908531, 849843]"
1071,"[953476, 920308, 1132770, 6773238, 1072330]"
1073,"[1082185, 995242, 916122, 1058997, 5569230]"
1074,"[995242, 1054262, 1058997, 1105917, 951197]"
1075,"[1029743, 844165, 1082185, 1033615, 1070015]"
1076,"[1075368, 1033142, 873902, 865456, 999714]"
1077,"[981760, 1029743, 995242, 937292, 951590]"
1078,"[1126899, 1133018, 1058997, 1106523, 995785]"
1080,"[899624, 845208, 994928, 8090537, 1068719]"
1081,"[899624, 916122, 834484, 981760, 1106523]"
1082,"[1106523, 994928, 1133018, 10285141, 844165]"
1083,"[979707, 9705473, 897125, 1082185, 844179]"
1084,"[953476, 951590, 844179, 967395, 981760]"
1085,"[1029743, 850841, 1135768, 961554, 908318]"
1086,"[1082185, 979707, 844179, 1029743, 883404]"
1087,"[1106523, 962118, 995242, 1055646, 1111072]"
1088,"[913785, 925514, 865330, 1022254, 844165]"
1089,"[1029743, 873964, 947798, 883404, 849843]"
1090,"[995242, 916122, 1029743, 1106523, 1070820]"
1091,"[1029743, 965766, 1070015, 1098066, 932863]"
1092,"[1136257, 859075, 1139827, 987562, 1082185]"
1093,"[845208, 867188, 976955, 1077490, 844165]"
1094,"[1138443, 1013321, 8090509, 933835, 896085]"
1096,"[844179, 1082185, 1106523, 1029743, 1133018]"
1097,"[1106523, 982469, 838186, 848319, 8090440]"
1098,"[1082185, 1013641, 1055646, 961554, 901062]"
1100,"[1085604, 994928, 1082185, 1126899, 1029743]"
1102,"[1082185, 1077490, 866211, 844165, 1114597]"
1103,"[1022254, 916381, 1126899, 1051211, 1082185]"
1104,"[1039156, 1082185, 986912, 1047226, 1029743]"
1105,[]
1106,"[1082185, 1106523, 995242, 1029743, 981760]"
1108,"[1106523, 1029743, 1068719, 995242, 844179]"
1109,"[1082185, 899624, 981760, 961554, 1048462]"
1110,"[840361, 1070820, 981760, 908531, 862349]"
1111,"[1001148, 1055646, 959409, 991379, 1107289]"
1112,"[1106523, 1029743, 1053690, 1082185, 1126899]"
1113,"[1082185, 1058997, 961554, 1126899, 916122]"
1114,"[844179, 1088835, 844165, 1029743, 981760]"
1115,[]
1117,"[1053690, 1106523, 860776, 893501, 1068719]"
1119,"[1082185, 995242, 940947, 1098248, 913210]"
1120,"[10285141, 896613, 845109, 913210, 921836]"
1121,"[1082185, 995242, 981760, 962229, 914190]"
1123,"[981760, 834484, 1126899, 1041796, 860776]"
1124,"[976955, 879755, 8090521, 1137346, 1133018]"
1127,"[1082185, 1029743, 995242, 1106523, 883404]"
1128,"[1036432, 1050131, 951526, 989075, 5592931]"
1129,"[995785, 1082185, 961554, 1126899, 1137688]"
1130,"[923746, 1020682, 1039156, 1006184, 1133018]"
1131,"[995242, 1075368, 1056509, 908531, 1076875]"
1132,"[1075470, 1025611, 1044078, 951590, 1043590]"
1133,"[1082185, 1029743, 981760, 914190, 995785]"
1134,"[1082185, 1070820, 1106523, 1037863, 1051323]"
1135,"[995242, 1053690, 1082185, 908531, 1029743]"
1136,"[983584, 962229, 833025, 5568378, 907631]"
1137,"[1082185, 920308, 868764, 885290, 1076875]"
1138,"[1015539, 932298, 882441, 865330, 868075]"
1139,"[872137, 1082185, 1075074, 1029743, 981760]"
1141,"[868075, 819765, 934427, 910673, 1082185]"
1142,"[1082185, 1067695, 958137, 905868, 9707137]"
1145,"[986912, 12648296, 1007191, 1106523, 1033615]"
1146,"[1029743, 866227, 995785, 846823, 995242]"
1147,"[1106523, 914190, 834484, 1133018, 951590]"
1149,"[1082185, 860776, 994928, 1039156, 1028816]"
1151,"[1030819, 1133018, 1082185, 1039156, 923746]"
1152,"[1082185, 951590, 995242, 1029743, 1106523]"
1154,"[981760, 908531, 1096036, 1106523, 849843]"
1155,"[844165, 1122358, 908531, 1133018, 863447]"
1157,"[1070820, 951590, 990797, 1041796, 1022254]"
1158,"[862349, 929018, 1133018, 944534, 8090521]"
1159,"[1082185, 1068719, 903325, 961554, 1081177]"
1160,"[1133018, 1106523, 1068719, 859075, 857849]"
1161,"[981760, 1029743, 908846, 1082185, 1106523]"
1163,"[1029743, 995242, 859075, 840361, 862349]"
1164,"[1082185, 820165, 972569, 901062, 1093359]"
1166,"[1029743, 995242, 899624, 961554, 979707]"
1167,"[1082185, 1094955, 1070820, 1115175, 1124674]"
1168,"[983584, 908531, 995242, 1082185, 1029743]"
1169,"[849843, 859075, 844165, 899624, 857849]"
1171,"[995785, 1029743, 1082185, 1106523, 981760]"
1172,"[1029743, 1068719, 844165, 995242, 1122358]"
1174,"[1106523, 844165, 1068719, 1123792, 883932]"
1175,"[1082185, 6534035, 1120443, 908846, 1029743]"
1176,[]
1178,"[834484, 9553031, 962568, 995242, 995785]"
1179,"[899624, 995242, 860776, 903325, 844165]"
1180,"[1029743, 923746, 849843, 1033615, 965766]"
1182,"[937571, 900802, 899624, 5592931, 1044078]"
1183,[]
1185,"[882441, 1053690, 844179, 873654, 1132770]"
1186,"[1024306, 1082185, 1057102, 925112, 872137]"
1187,"[7440663, 9526886, 913202, 1025611, 9527158]"
1188,"[918368, 1092026, 883404, 10285144, 882441]"
1189,"[969866, 908846, 1106523, 1007195, 1037863]"
1190,"[995242, 897125, 883404, 1070015, 873203]"
1191,"[995242, 890695, 834484, 1041259, 973861]"
1192,"[859075, 849843, 1082185, 1029743, 866227]"
1193,"[913210, 1053690, 1092026, 919644, 1133018]"
1194,"[995242, 1000753, 1106523, 1133018, 1022254]"
1195,"[923746, 1082185, 860776, 1029743, 1058997]"
1196,"[1082185, 901062, 909714, 903325, 995785]"
1197,"[1029743, 981760, 933835, 914190, 951590]"
1198,"[1029743, 914190, 923746, 844165, 1070820]"
1201,"[1053690, 1106523, 845208, 1029743, 994928]"
1202,"[845208, 8090537, 8090521, 5568378, 1029743]"
1203,"[872417, 1106523, 1003421, 840361, 982469]"
1204,"[1106523, 933835, 1037840, 883404, 1133018]"
1205,"[1029743, 882441, 916381, 1053690, 1092026]"
1206,"[1098066, 1133018, 883404, 1020682, 1106523]"
1207,"[953476, 967395, 994928, 1133018, 1029743]"
1208,"[1082185, 1106523, 1123792, 995785, 1065593]"
1209,"[1029743, 986912, 1082185, 981760, 995242]"
1210,"[1082185, 1070820, 862349, 1029743, 1106523]"
1211,"[998373, 912681, 872137, 1000753, 999858]"
1214,[]
1216,"[995242, 951590, 5569230, 1065593, 1039156]"
1217,"[1106301, 911812, 1075368, 5568729, 962229]"
1218,"[895070, 968774, 849843, 916122, 1070820]"
1219,"[995242, 1082185, 844179, 1029743, 1098066]"
1221,"[981760, 1029743, 1082185, 1004906, 1106523]"
1222,"[914190, 933835, 916122, 857849, 951590]"
1223,"[1106523, 1055646, 1092026, 883404, 1033615]"
1224,"[969866, 939636, 6602697, 845208, 1118787]"
1225,"[835576, 949616, 824555, 987480, 1106301]"
1226,"[1070820, 903325, 1133018, 862349, 840361]"
1227,"[1058997, 1039156, 1092026, 1053690, 5568378]"
1228,"[1133018, 1106523, 899624, 962568, 923746]"
1229,"[1033142, 845208, 6034857, 979707, 903325]"
1230,"[1126899, 1106523, 986912, 1133018, 1058997]"
1231,"[1082185, 1029743, 995242, 1055646, 995785]"
1234,"[862349, 5568378, 995242, 866211, 844179]"
1236,"[965766, 999971, 834833, 8090521, 1106523]"
1238,"[5584645, 5587043, 6773204, 873203, 6773219]"
1240,"[903325, 962568, 860776, 6034857, 824005]"
1241,[]
1242,[]
1245,"[962568, 903325, 1133018, 834484, 969866]"
1246,"[1126899, 971922, 859075, 849843, 828867]"
1247,"[1082185, 1029743, 981760, 1055646, 1022254]"
1248,"[971922, 1106523, 972931, 951590, 885290]"
1249,"[1106523, 1082185, 1029743, 7025106, 834484]"
1252,"[1070820, 951590, 1082185, 908531, 923746]"
1255,"[1106523, 961554, 981760, 994928, 844179]"
1256,"[1082185, 979707, 1137688, 1116821, 944836]"
1257,"[1082185, 1029743, 981760, 962568, 951590]"
1258,"[914190, 1022003, 872137, 981760, 1082185]"
1259,"[1082185, 1113588, 1088835, 960732, 995242]"
1260,"[1082185, 961554, 1076056, 1058997, 1102949]"
1261,"[1082185, 1126310, 1100410, 1055504, 883404]"
1262,[]
1263,"[12262778, 1029743, 995242, 981760, 1132770]"
1264,"[1107553, 893501, 1126899, 916990, 1138189]"
1265,"[1082185, 1067606, 1042544, 911812, 5568378]"
1266,"[1055646, 912681, 995785, 1039156, 1133018]"
1267,"[1033142, 1082185, 1065593, 916122, 968774]"
1269,"[899624, 834484, 1057260, 1106523, 1100972]"
1270,"[1082185, 899624, 1106523, 1041796, 1004906]"
1271,"[1082185, 1029743, 1044895, 962568, 981760]"
1272,"[962568, 916122, 1039156, 845208, 856252]"
1274,"[1082185, 1070820, 1055863, 1080414, 1115874]"
1277,"[1106523, 1133018, 882441, 1072330, 990797]"
1278,[]
1279,"[1106523, 1133018, 969866, 965766, 951590]"
1280,[]
1281,"[1053690, 844165, 1044078, 995242, 1092026]"
1282,"[995785, 1106523, 845208, 1124729, 1133018]"
1283,"[1071939, 861272, 1106523, 981760, 844179]"
1284,"[899624, 834484, 923746, 994928, 951590]"
1285,"[1044895, 946995, 1133018, 1106523, 916122]"
1287,"[1082185, 1133018, 1055646, 862349, 872137]"
1288,"[12384365, 1082185, 923746, 1081177, 862349]"
1289,"[981760, 1029743, 822407, 995242, 883404]"
1290,"[968774, 1074524, 979707, 824005, 860776]"
1291,"[1082185, 1106523, 981760, 913278, 1044078]"
1293,"[1088835, 1001148, 979707, 1044078, 959409]"
1294,"[1126899, 1058997, 903325, 961554, 962568]"
1295,"[995242, 1029743, 1076875, 1084331, 1082185]"
1296,"[1041796, 901062, 1072330, 1124729, 826249]"
1297,"[1082185, 932179, 1029743, 995242, 995785]"
1298,"[1082185, 840361, 1029743, 1004906, 899624]"
1299,"[962568, 840361, 913210, 897125, 857849]"
1300,"[1106523, 1133018, 1126899, 914190, 833025]"
1303,"[1029743, 913210, 976199, 945273, 8090521]"
1304,"[923746, 840361, 883404, 988693, 1029743]"
1305,"[1106523, 840361, 983584, 908531, 826249]"
1306,"[1068719, 859075, 844179, 1096036, 951590]"
1307,"[1082185, 1029743, 1106523, 981760, 1126899]"
1310,"[1082185, 1106523, 1029743, 1133018, 1004906]"
1312,"[1029743, 883404, 1092026, 840361, 1126899]"
1313,"[1029743, 1058779, 995242, 1082185, 1106523]"
1314,"[1029743, 976199, 923746, 940947, 903325]"
1316,"[1029743, 965766, 919534, 962229, 1070820]"
1317,"[1029743, 995242, 923746, 840361, 844165]"
1318,"[963835, 995876, 925862, 1082185, 976300]"
1319,"[844179, 995785, 849843, 1126899, 1058997]"
1321,"[1075470, 1133018, 1106523, 1127831, 923746]"
1325,"[1082185, 12384365, 1041157, 1110793, 1081177]"
1326,"[1029743, 833025, 1038217, 1088835, 962229]"
1328,"[844165, 882441, 1132770, 920308, 1043590]"
1329,"[1082185, 962568, 866211, 908531, 1098248]"
1330,"[911812, 1106523, 1042907, 856252, 987562]"
1331,"[1029743, 995242, 1068719, 1041796, 1106523]"
1332,"[834484, 961554, 995242, 1116821, 1039156]"
1333,"[1126899, 908531, 990797, 1043064, 1055425]"
1334,"[844165, 995242, 1029743, 1044078, 849843]"
1335,"[861272, 1029743, 878996, 970119, 995242]"
1336,"[883404, 995242, 979707, 981760, 1044078]"
1337,"[962229, 1029743, 989069, 923746, 1096036]"
1338,"[989069, 1044078, 1106523, 899624, 1092026]"
1340,"[1029743, 1082185, 847789, 1106523, 849843]"
1342,[]
1343,[]
1344,"[1082185, 1029743, 919534, 1106523, 883932]"
1346,"[1029743, 1082185, 962229, 834484, 1106523]"
1347,"[917033, 1051093, 1029743, 998206, 883404]"
1350,"[981760, 896938, 995785, 872137, 849843]"
1351,"[1082185, 1029743, 995242, 849843, 1133018]"
1352,"[1022254, 903325, 965766, 915349, 976199]"
1353,"[1129576, 960984, 1070214, 1057260, 1130858]"
1354,"[995242, 1053690, 1038217, 12648296, 911470]"
1355,"[914190, 1053690, 1071939, 844179, 981760]"
1356,"[981760, 886703, 1070820, 5569230, 1082185]"
1357,"[1110142, 843756, 970119, 1070820, 1082185]"
1358,"[995242, 1055646, 1053690, 1041796, 883404]"
1359,"[849843, 1029743, 883003, 1030819, 916122]"
1360,[]
1361,[]
1362,"[1105488, 1029743, 1082185, 995242, 1106523]"
1363,"[5569230, 5591154, 933835, 866211, 835098]"
1364,"[1082185, 1029743, 995242, 1126899, 1070820]"
1366,"[1058997, 1126899, 953476, 901062, 849843]"
1367,"[1070820, 1126899, 862349, 933835, 1110572]"
1368,"[1070820, 995785, 1082185, 834117, 961554]"
1369,"[1082185, 914190, 1126899, 981760, 1119051]"
1370,"[962568, 1106523, 899624, 1133018, 1022254]"
1373,"[6034857, 1071939, 981760, 1070015, 844165]"
1374,"[981760, 962229, 1037840, 1133018, 1043590]"
1375,"[6034857, 1071939, 1013641, 1106523, 1055646]"
1376,"[914190, 979707, 1029743, 962568, 883404]"
1378,"[909268, 5586942, 1082185, 8011397, 8011282]"
1379,"[1029743, 1082185, 995242, 899624, 845208]"
1380,"[1106523, 962568, 1029743, 844179, 1082185]"
1381,"[844179, 981760, 953476, 844165, 1085604]"
1382,"[1029743, 981760, 914190, 899624, 1022254]"
1383,"[1003441, 972569, 997506, 872729, 1059891]"
1384,"[923746, 1004906, 1106523, 1133018, 961554]"
1385,"[1029743, 912681, 1022254, 883404, 907014]"
1387,"[899624, 844179, 1082185, 1029743, 944534]"
1388,"[826249, 995242, 1039156, 1042544, 990797]"
1389,"[1058997, 981760, 7025114, 885290, 1082185]"
1390,"[995242, 872137, 976199, 962229, 849843]"
1391,"[1096036, 872137, 899624, 1006184, 1055646]"
1393,"[1082185, 1126899, 1058997, 903325, 901062]"
1394,"[1082185, 1055646, 979707, 860776, 962229]"
1395,"[1058997, 908531, 1126899, 1096036, 880427]"
1397,"[1082185, 1106523, 840361, 883404, 1004906]"
1398,"[844179, 1029743, 8090537, 995242, 1082185]"
1399,"[1082185, 6034857, 1126899, 1070820, 860776]"
1401,"[844179, 1044895, 1029743, 981760, 1044078]"
1402,"[1082185, 998373, 923746, 1057260, 849843]"
1403,[]
1405,"[1056509, 976199, 5588666, 854405, 835098]"
1406,"[933835, 1138443, 1022119, 918368, 1087102]"
1408,"[1029743, 844165, 8090537, 953476, 1053690]"
1409,"[1082185, 1133018, 923746, 834484, 860776]"
1410,"[1029743, 1092026, 872137, 844165, 1053690]"
1412,"[1082185, 1029743, 1068719, 965766, 1126899]"
1413,"[1029743, 1106523, 995242, 1053690, 1068719]"
1414,"[1126899, 1029743, 1082185, 1085604, 1058997]"
1417,"[6773204, 857849, 898980, 873964, 1012816]"
1418,"[1082185, 1029743, 820165, 981760, 1106523]"
1419,"[1106523, 859075, 1133018, 1070015, 910745]"
1421,"[1029743, 995242, 1092026, 962229, 899624]"
1423,"[9553031, 986947, 1117514, 820165, 878445]"
1425,"[1029743, 995242, 933835, 908531, 1096036]"
1426,"[861272, 919534, 8090521, 8090537, 5568378]"
1427,"[912681, 995242, 840361, 923746, 826249]"
1428,"[1029743, 844165, 938700, 913210, 833025]"
1429,"[9420312, 1126899, 919948, 1082185, 1029743]"
1430,"[859427, 965842, 5569374, 981760, 1126899]"
1431,"[1110572, 820165, 832678, 998119, 1082185]"
1434,"[964968, 896369, 896938, 915621, 894236]"
1437,"[972742, 1036432, 911215, 951526, 824555]"
1440,"[938700, 1101173, 1106523, 1056509, 5568378]"
1443,"[1053690, 1082185, 1126899, 1070820, 820165]"
1445,"[5568729, 903325, 843756, 6034857, 883404]"
1447,"[844165, 1058997, 1082185, 1106523, 840361]"
1450,"[1082185, 1029743, 1106523, 1055646, 995242]"
1451,"[1082185, 1111072, 896369, 994928, 948670]"
1452,"[995242, 1039156, 5584027, 5584620, 1133018]"
1453,"[995242, 944137, 1058997, 916122, 946995]"
1454,"[1082185, 1115576, 903325, 979707, 1029743]"
1457,"[912681, 1106523, 1096036, 896938, 1082310]"
1458,"[976199, 990797, 1105917, 1105488, 911812]"
1459,"[908318, 865456, 872137, 870515, 970202]"
1461,"[1029743, 1000753, 995242, 981760, 918368]"
1462,"[1082185, 995242, 914190, 1022254, 1088393]"
1463,"[986912, 9707137, 994928, 1037332, 962568]"
1464,"[9836903, 916122, 908531, 1133018, 923746]"
1465,"[976199, 1029743, 872137, 826249, 951412]"
1466,[]
1467,"[1115874, 861445, 9575181, 890536, 1051069]"
1470,"[1082185, 1029743, 1048483, 1056509, 1070820]"
1471,"[1126899, 1106523, 1082185, 1029743, 995242]"
1473,"[1082185, 1126899, 962568, 1034686, 903325]"
1474,"[1106523, 1133018, 914190, 933835, 1053690]"
1475,"[981760, 1070820, 914190, 862349, 845208]"
1476,"[995242, 1082185, 911812, 1029743, 843756]"
1479,"[995242, 1029743, 883404, 5568378, 879755]"
1480,"[1029743, 1082185, 849843, 995242, 962568]"
1481,"[995242, 965766, 910032, 944836, 833556]"
1483,"[883404, 1123792, 959409, 5569230, 971922]"
1484,"[1058997, 944836, 929668, 840361, 934676]"
1485,"[1106523, 995242, 1029743, 981760, 1082185]"
1487,"[1029743, 859075, 1082185, 951197, 940947]"
1488,"[923746, 1126899, 849843, 1058997, 1053690]"
1489,"[1029743, 995242, 840361, 826249, 883404]"
1490,"[995242, 981760, 12648296, 1043590, 953476]"
1491,"[1082185, 1055646, 1106523, 981760, 834484]"
1492,"[1082185, 962568, 1029743, 849843, 994928]"
1493,"[1126899, 1082185, 951197, 1004906, 1076875]"
1494,"[923746, 913785, 899624, 1068719, 1123014]"
1495,"[969866, 1033142, 9553031, 1022254, 986912]"
1499,"[1088147, 1088393, 844179, 5569230, 944836]"
1500,"[1029743, 981760, 995785, 995242, 1082185]"
1501,"[961554, 845208, 1082185, 1004906, 962568]"
1502,"[1082185, 1022872, 1029743, 1055646, 1070820]"
1506,"[995785, 914190, 979707, 953476, 1055646]"
1507,"[962568, 873654, 866211, 923746, 1029743]"
1508,"[1122358, 1082185, 981760, 872137, 1058997]"
1509,"[1082185, 1029743, 995242, 1106523, 1042438]"
1510,"[1080414, 1055863, 1115874, 894236, 914190]"
1511,"[983584, 1106523, 1085476, 850841, 968932]"
1512,"[995785, 1082185, 1043301, 849843, 990797]"
1513,"[916122, 1053690, 844165, 1092026, 859075]"
1514,"[1055646, 961554, 880253, 1082185, 918368]"
1515,"[995242, 981760, 872137, 914190, 1041796]"
1517,"[10285141, 862349, 886703, 1070820, 1098066]"
1518,"[844179, 849843, 1106523, 5569230, 981760]"
1519,"[916122, 965842, 962568, 895070, 1030819]"
1520,"[1033142, 1029743, 834484, 826249, 995785]"
1521,[]
1523,[]
1524,"[1082185, 5586942, 965842, 5584620, 835098]"
1525,"[1029743, 995242, 1082185, 899624, 840361]"
1526,"[1133018, 986912, 1020682, 1110793, 8090537]"
1527,"[1082185, 1029743, 914190, 834484, 872137]"
1528,"[923746, 1029743, 908531, 916122, 1013321]"
1529,"[1106523, 901062, 866227, 1030819, 1022119]"
1530,"[1082185, 1029743, 962568, 1106523, 981760]"
1531,"[1106523, 1082185, 981760, 1029743, 1068719]"
1532,"[914190, 1029743, 986912, 844165, 5569230]"
1533,"[995242, 1029743, 1106523, 916122, 849843]"
1534,"[1070820, 999971, 923746, 916122, 1039156]"
1535,"[900491, 989075, 917494, 911215, 1050131]"
1536,"[1029743, 1126899, 899624, 1075368, 919534]"
1537,"[1029743, 1106523, 995242, 1126899, 1133018]"
1539,"[844179, 914190, 953476, 1085604, 1053690]"
1540,"[914190, 844165, 1022872, 838186, 9836903]"
1541,"[1082185, 962229, 981760, 897125, 961554]"
1542,"[1082185, 1004906, 1106523, 1029743, 1133018]"
1543,"[995242, 953476, 1053690, 1029743, 962568]"
1545,"[1106523, 1022254, 833025, 1098248, 1133018]"
1546,"[823721, 890695, 873203, 995242, 824555]"
1547,"[1023958, 995242, 893501, 1082185, 1029743]"
1548,"[1029743, 1055646, 953476, 838186, 965842]"
1549,"[994928, 1055646, 849843, 986912, 9553031]"
1550,"[1106523, 1133018, 1022872, 1124729, 9707137]"
1552,"[944836, 1029743, 1044078, 908531, 1076875]"
1553,"[1029743, 1082185, 1106523, 995242, 849843]"
1555,"[911812, 908531, 995242, 1077143, 948670]"
1556,"[1082185, 995242, 1055646, 962568, 873654]"
1557,"[1082185, 1106523, 1133018, 1098248, 845208]"
1558,"[995242, 908318, 1048462, 1041259, 1088393]"
1559,"[1075368, 854852, 1082185, 914190, 913210]"
1560,"[1082185, 1039156, 883404, 1029743, 923746]"
1563,"[894236, 1055646, 897125, 903325, 860776]"
1564,"[854852, 1082185, 981760, 962568, 1029743]"
1566,"[979707, 995785, 1022254, 903325, 859075]"
1567,"[1082185, 1007195, 1098248, 934639, 937626]"
1568,"[899624, 9553031, 849843, 923746, 883404]"
1569,[]
1570,"[979707, 962568, 965842, 1041259, 911812]"
1571,"[10285144, 1082185, 1029743, 995242, 962568]"
1572,"[12301073, 1005274, 9835509, 873203, 1058997]"
1575,"[1082185, 995785, 1022254, 979707, 901062]"
1576,"[1029743, 1082185, 923746, 995242, 834484]"
1577,"[1029743, 823721, 883404, 857849, 1003188]"
1578,"[1075368, 1075470, 827180, 916122, 873203]"
1579,"[995242, 1029743, 840361, 856252, 914190]"
1580,"[995242, 1071333, 995785, 9836903, 834484]"
1581,"[1075074, 916122, 995785, 1082185, 1070820]"
1584,"[1029743, 1106523, 981760, 923746, 979707]"
1585,"[1058997, 1126899, 1011300, 890536, 5568729]"
1587,"[1029743, 859075, 981760, 1082185, 1044078]"
1588,"[1082185, 979707, 961554, 1095275, 908531]"
1590,"[1029743, 1055646, 1070820, 908531, 965766]"
1591,"[840361, 1070820, 850841, 907631, 995785]"
1592,"[903325, 1110764, 834484, 962568, 1082185]"
1593,"[863664, 861272, 932006, 900072, 840361]"
1594,"[1118598, 900491, 824555, 914513, 1106523]"
1595,"[995242, 914190, 973861, 933835, 986912]"
1596,"[861272, 961554, 1082185, 979707, 1041259]"
1598,"[907631, 908318, 995242, 878302, 986912]"
1599,"[1118598, 822241, 1133018, 840361, 1053763]"
1600,"[1106523, 1029743, 981760, 1082185, 847789]"
1602,"[1095275, 1137688, 1070820, 944836, 903325]"
1604,"[1051211, 832678, 897752, 1022003, 9526563]"
1607,"[1029743, 1082185, 995242, 923746, 893501]"
1608,[]
1609,"[1082185, 981760, 1029743, 9526563, 7167249]"
1611,"[1037840, 844165, 1029743, 962229, 1106523]"
1612,"[1082185, 1070820, 1126899, 944836, 979707]"
1614,"[1082185, 1029743, 981760, 995242, 1070820]"
1618,"[1082185, 981760, 923746, 944836, 840361]"
1619,"[1082185, 992529, 1037337, 939636, 916122]"
1620,"[1106523, 1133018, 883404, 959409, 998206]"
1621,"[1106523, 1092026, 916381, 849843, 1038217]"
1622,"[1082185, 1029743, 995242, 1022254, 849843]"
1623,"[1106523, 1074524, 951590, 844165, 1040807]"
1624,"[1082185, 991379, 981944, 912681, 986912]"
1627,"[902167, 995785, 1041259, 1047226, 865330]"
1628,[]
1630,"[1082185, 1106523, 981760, 1042907, 1126899]"
1631,"[908531, 1029743, 882441, 983584, 826249]"
1632,"[1082185, 913210, 1070820, 1029743, 840361]"
1633,"[1029743, 962568, 834484, 916122, 981760]"
1634,"[1014802, 883404, 959985, 953476, 5591038]"
1636,[]
1637,"[986912, 1026118, 1014948, 844179, 1096036]"
1638,"[820165, 1098248, 1058997, 1082185, 1029743]"
1640,"[1110244, 1106523, 879755, 995876, 1012816]"
1641,[]
1642,"[1082185, 995785, 1106523, 1029743, 1133018]"
1643,"[1132770, 868764, 1082185, 1029743, 882441]"
1644,"[1106523, 844165, 995242, 844179, 1092026]"
1645,[]
1646,[]
1647,"[1082185, 981760, 1029743, 962568, 995242]"
1648,"[1106523, 1133018, 845208, 908531, 883404]"
1649,"[1082185, 916122, 995785, 866211, 965766]"
1650,"[6034857, 854754, 834484, 944137, 1081177]"
1651,"[962568, 1104343, 1041259, 1082185, 981760]"
1652,"[844165, 859075, 962229, 849843, 1053690]"
1653,"[1029743, 1055646, 951590, 1110793, 1044078]"
1654,"[1053690, 893501, 1106523, 844179, 962568]"
1657,"[1106523, 1053690, 866227, 995242, 1082185]"
1658,"[979707, 995785, 981760, 1082185, 1029743]"
1659,"[823721, 961554, 1041259, 854852, 1071939]"
1660,"[923746, 1106523, 1113588, 1068719, 839147]"
1662,"[1126899, 916122, 999104, 834484, 1070820]"
1663,"[1128665, 839147, 987480, 907994, 1029743]"
1664,"[899624, 1000753, 883404, 1070820, 1123014]"
1665,"[1082185, 1029743, 883404, 1116578, 1098066]"
1666,"[1122358, 995242, 1029743, 1082185, 908531]"
1668,"[1082185, 1029743, 1068719, 1106523, 995242]"
1669,"[1029743, 1082185, 914190, 995242, 1106523]"
1672,"[962118, 1088835, 1132770, 920308, 1043590]"
1673,"[1106523, 1053690, 914190, 896938, 1133018]"
1676,"[834484, 903325, 961554, 1043064, 824005]"
1677,"[1029743, 995242, 908064, 872137, 6534035]"
1680,"[1126899, 1082185, 995242, 1029743, 981760]"
1683,"[872137, 5574377, 826249, 976199, 1011300]"
1684,"[1106523, 1029743, 1082185, 981760, 1076875]"
1685,"[1082185, 1029743, 1058997, 1126899, 1106523]"
1686,"[883404, 986912, 1013321, 1022003, 930917]"
1687,"[976199, 1126899, 872137, 908531, 981760]"
1688,[]
1689,"[995242, 965766, 1038217, 883404, 994928]"
1690,"[1082185, 912681, 971949, 1052912, 937571]"
1692,"[1124729, 925514, 1038217, 1022872, 986394]"
1693,"[1126899, 962568, 995785, 883404, 1003188]"
1694,"[983584, 908531, 1053690, 6534480, 1014238]"
1695,"[989101, 995242, 1070820, 1082185, 1095275]"
1696,"[860776, 1138443, 1082185, 1070820, 914190]"
1697,"[1135995, 940766, 1044078, 1029743, 981760]"
1698,"[1055646, 1082185, 883404, 995242, 1106523]"
1699,"[993638, 962229, 968215, 844179, 1082185]"
1700,"[995876, 969866, 5568378, 938700, 1101173]"
1701,[]
1703,"[1067695, 1106523, 1057260, 1110572, 1029624]"
1704,"[935284, 838602, 866227, 913490, 1029743]"
1705,"[1012816, 995242, 5592931, 826249, 1033615]"
1706,"[1082185, 1029743, 1106523, 995242, 1053690]"
1707,"[995242, 1050851, 1085604, 908531, 986912]"
1708,"[1029743, 896938, 995242, 994928, 7409957]"
1709,"[979707, 995242, 914190, 1133018, 873203]"
1710,"[1029743, 995242, 1082185, 1106523, 860776]"
1712,"[1082185, 849843, 1029743, 995242, 1057260]"
1713,"[1082185, 913210, 1028816, 859075, 8090440]"
1715,"[1082185, 820165, 951412, 1123842, 847270]"
1716,"[995242, 1048462, 1053690, 12648296, 12302069]"
1717,"[1055646, 848319, 962568, 900802, 1068719]"
1718,"[1082185, 1029743, 995242, 981760, 849843]"
1719,"[849843, 8090521, 1011300, 822407, 929668]"
1720,"[916122, 903325, 962568, 1070820, 1041259]"
1721,"[962568, 1082185, 1029743, 995242, 1110764]"
1722,"[1043128, 1126899, 5582789, 1058997, 1052912]"
1723,"[1082185, 962568, 834484, 1040807, 845208]"
1724,"[824005, 1126899, 1082185, 1029743, 995242]"
1726,"[962568, 872137, 979707, 1126899, 1022254]"
1728,"[1029743, 1126899, 995242, 1133018, 861272]"
1729,"[1106523, 981760, 1133018, 914190, 844165]"
1730,"[1071939, 1106523, 844179, 1082185, 981760]"
1731,"[1082310, 944466, 1002558, 1022119, 1058997]"
1732,"[1029743, 840361, 914190, 9445919, 903325]"
1733,"[1082185, 979707, 850102, 986912, 923746]"
1734,"[995785, 1106523, 859075, 1070015, 1029743]"
1735,"[995242, 981760, 1068719, 1004906, 995785]"
1737,"[1082185, 5586942, 5587133, 962568, 5584808]"
1738,"[1040807, 957063, 981760, 914190, 1082185]"
1739,"[1106523, 908531, 5568378, 1133018, 1048462]"
1740,"[1082185, 1029504, 863449, 911470, 1056509]"
1742,"[1098066, 1103629, 9420312, 1082185, 826249]"
1743,"[1106523, 995785, 5569230, 1082185, 994928]"
1745,"[1096036, 1106523, 1126899, 923746, 995785]"
1747,"[1106523, 1043590, 1055646, 1013641, 9707137]"
1748,"[1106523, 1133018, 9575181, 1072330, 983584]"
1749,"[859075, 961554, 1110142, 1082185, 938566]"
1750,[]
1751,"[1029504, 897125, 1070820, 1098066, 862349]"
1752,"[1133018, 1106523, 925514, 844165, 857849]"
1753,"[907994, 833723, 866227, 7167218, 994928]"
1754,"[1048462, 1029743, 827683, 840361, 995242]"
1755,"[840361, 859075, 916122, 9337581, 923746]"
1756,[]
1758,"[899624, 834484, 1126899, 1058997, 1132771]"
1759,"[883404, 919948, 1061220, 5582789, 845705]"
1760,"[1029743, 1004906, 983584, 995242, 1082185]"
1761,"[847789, 854852, 948650, 1082185, 1055646]"
1762,"[1029743, 995242, 983584, 908531, 923746]"
1763,"[979707, 923746, 1041259, 962118, 1082185]"
1764,"[962568, 901062, 1126899, 1058997, 1075368]"
1765,"[1070820, 862349, 844165, 916122, 979707]"
1766,"[995785, 849843, 883404, 1082185, 1040807]"
1767,"[1055646, 1022003, 1118012, 12946027, 1106523]"
1768,"[962568, 1082185, 899624, 994928, 1105623]"
1769,"[1040807, 872137, 981760, 1037863, 8090537]"
1770,"[995242, 979707, 1070015, 862349, 1104343]"
1773,"[913210, 860776, 916122, 1082185, 1056509]"
1774,"[1045220, 8090537, 848268, 1104343, 883003]"
1775,"[1082185, 1058997, 1126899, 840361, 908531]"
1776,"[1082185, 1116821, 1029743, 1111072, 913210]"
1778,"[1112473, 949965, 1094955, 981760, 1029743]"
1779,"[1070820, 845208, 1004906, 963835, 976955]"
1780,"[1106523, 1065593, 1103629, 981760, 1022254]"
1781,"[1082185, 1029743, 847789, 861272, 908846]"
1783,"[1082185, 979707, 12648296, 995785, 861272]"
1784,"[1082185, 962568, 979707, 1106523, 981760]"
1785,"[1058997, 933835, 840361, 1126899, 976199]"
1787,[]
1788,"[1033142, 962568, 932179, 860776, 961554]"
1789,"[981760, 986912, 844179, 1092026, 1106523]"
1790,"[1082185, 834484, 1004906, 1029743, 1040807]"
1791,"[995242, 1139830, 845208, 925514, 1039156]"
1792,"[7167218, 1133018, 1106523, 913202, 839147]"
1793,[]
1794,"[1106523, 1053690, 1102416, 986760, 1070015]"
1795,"[1070820, 862349, 866227, 8090521, 1039156]"
1796,"[1029743, 965766, 951590, 1068719, 1037840]"
1797,"[834484, 862349, 995785, 860776, 854852]"
1798,"[995785, 834484, 845208, 999858, 909714]"
1800,"[908531, 1055646, 1070820, 913210, 962568]"
1801,"[1040371, 1085604, 1044078, 1053690, 923746]"
1802,"[1082185, 981760, 854852, 848319, 1041259]"
1803,"[1029743, 1022254, 1096036, 951590, 1068719]"
1804,"[1082185, 962568, 1029743, 9553031, 9445919]"
1805,"[1029743, 995242, 1082185, 1133018, 1075368]"
1806,"[1029743, 1126899, 839094, 1076875, 1094955]"
1807,"[1055646, 976065, 855468, 7025114, 1073150]"
1808,"[1057260, 894236, 976199, 866227, 890536]"
1809,"[995242, 840361, 1053690, 8090536, 981760]"
1810,"[994928, 995785, 849843, 908846, 1096036]"
1811,"[1106523, 1082185, 923746, 1029743, 995242]"
1812,"[1033142, 979707, 1076056, 961554, 1070015]"
1814,"[1082185, 995242, 1029743, 1106523, 960984]"
1815,"[1101174, 833025, 989101, 968215, 825541]"
1816,"[8090532, 1118787, 863447, 1055646, 1028816]"
1817,"[908318, 872137, 960732, 932182, 1082185]"
1818,"[1133018, 1082185, 1044078, 1029743, 1053690]"
1821,"[899624, 1106523, 901062, 860776, 983584]"
1822,"[1029743, 1070015, 1106523, 844165, 1022254]"
1823,"[1082185, 961554, 840361, 899624, 916122]"
1824,"[1106523, 834484, 983584, 845208, 908531]"
1826,"[1029743, 995242, 1133018, 914513, 911215]"
1829,"[1082185, 969866, 8090537, 995242, 922127]"
1831,"[1082185, 968774, 976199, 879635, 843756]"
1832,"[986760, 1082185, 848029, 826249, 971165]"
1833,"[1034686, 873902, 908531, 1000753, 994928]"
1835,"[961554, 840361, 995785, 995242, 981760]"
1836,"[1082185, 1057102, 1058997, 860776, 1126899]"
1837,"[965842, 1082185, 979707, 957736, 821083]"
1838,"[1118533, 1041796, 849843, 899624, 1053690]"
1839,"[1106523, 1029743, 840361, 1126899, 995242]"
1841,"[1082185, 961554, 860776, 995785, 852864]"
1843,"[5568378, 908531, 1070820, 1082185, 1029743]"
1844,"[916122, 1043301, 844179, 944836, 848029]"
1845,"[903325, 961554, 1126899, 916122, 979707]"
1846,"[1133018, 965766, 908531, 1106523, 1029743]"
1847,"[938700, 1055646, 979707, 995785, 981760]"
1848,"[1082185, 981760, 995242, 986912, 1039156]"
1849,"[1029743, 995242, 1074524, 1070820, 1077703]"
1850,"[903325, 834484, 979707, 862349, 860776]"
1853,"[1029743, 981760, 995242, 1106523, 1070820]"
1854,"[1077975, 961554, 957736, 819765, 913785]"
1856,"[1095275, 1029624, 833025, 7441391, 948670]"
1857,"[1029743, 1092026, 995242, 1085604, 883404]"
1858,"[995785, 1082185, 916122, 961554, 1057102]"
1861,"[1029743, 965766, 938700, 925514, 849843]"
1862,"[1082185, 1029743, 995242, 1098248, 1106523]"
1864,"[1082185, 995242, 903325, 1033142, 923746]"
1865,"[862349, 1058997, 820165, 866227, 894236]"
1867,"[916122, 897954, 962568, 826249, 883404]"
1868,[]
1869,"[940947, 1050851, 995965, 1055646, 946839]"
1871,"[995785, 1003600, 1082185, 854852, 860776]"
1872,"[1082185, 1110142, 1038217, 859075, 1027569]"
1873,"[918335, 1131438, 1106523, 865528, 962229]"
1876,[]
1877,"[1029743, 878234, 983584, 1077703, 1122358]"
1879,"[1082185, 1040807, 981760, 1101010, 953476]"
1880,"[1061220, 865330, 1133018, 1029624, 840361]"
1881,"[1082185, 981760, 995242, 1029743, 849843]"
1882,"[844179, 981760, 923746, 1085604, 1126899]"
1883,"[919534, 1083721, 921345, 8090521, 909396]"
1884,"[866211, 1082185, 1058997, 995242, 1029743]"
1885,"[1058997, 844179, 1053690, 893501, 840361]"
1886,[]
1887,"[923746, 1082185, 1126899, 1070820, 995242]"
1889,[]
1890,"[1082185, 916122, 1126899, 961554, 840361]"
1891,"[1082185, 908531, 995242, 1070820, 995785]"
1892,"[866227, 1138443, 1033615, 879755, 866140]"
1895,"[883404, 1044078, 1029743, 1106523, 1082185]"
1896,"[1133018, 1075368, 840361, 1092026, 12263788]"
1898,"[1082185, 981760, 1004906, 995242, 962568]"
1899,"[882830, 1029743, 1040807, 822785, 897120]"
1900,"[962568, 872137, 1018740, 971922, 1070820]"
1901,"[844165, 849843, 951590, 9527487, 1026118]"
1903,"[868764, 971922, 1124695, 1056509, 893501]"
1904,"[1092026, 844179, 981760, 1085604, 923746]"
1906,"[844179, 908318, 845208, 822407, 1013321]"
1907,"[1133018, 995242, 923746, 995785, 976199]"
1909,"[981760, 1106523, 1029743, 844179, 1082185]"
1911,"[844179, 1044078, 1082185, 1106523, 883404]"
1912,"[1082185, 1029743, 1022003, 12384775, 1106523]"
1914,"[913785, 995242, 987480, 1124729, 1029743]"
1916,"[822241, 835576, 969866, 1036432, 1053763]"
1917,"[1133018, 1106523, 923746, 863664, 1011645]"
1918,"[1082185, 872137, 890610, 995965, 995242]"
1919,"[1106523, 1133018, 1075470, 845193, 908531]"
1920,"[1082185, 903325, 1127831, 1024306, 995785]"
1922,"[1082185, 5584027, 1126899, 871440, 1039156]"
1923,"[901062, 961554, 903325, 995785, 948420]"
1924,"[983584, 995242, 1067695, 908531, 1038985]"
1925,"[1082185, 901062, 837270, 1106523, 1056651]"
1926,"[914190, 1068719, 907014, 840361, 995242]"
1927,"[923746, 1068719, 930917, 1044078, 857849]"
1928,"[862349, 908531, 983584, 1070820, 1085604]"
1929,"[981760, 1106523, 1024306, 899624, 860776]"
1930,"[1051323, 962229, 911812, 1118787, 9677236]"
1931,"[1082185, 923746, 1106523, 840361, 1133018]"
1932,[]
1935,"[1024306, 1082185, 962568, 908318, 1055646]"
1936,"[1029743, 839147, 1110244, 851057, 962229]"
1937,"[999858, 860776, 826249, 962229, 983936]"
1939,"[995242, 883404, 1013321, 1068719, 976955]"
1940,"[1082185, 969866, 995785, 861272, 860776]"
1941,"[883404, 976955, 1082185, 1044078, 929433]"
1942,"[1082185, 1053690, 1106523, 883404, 1029743]"
1943,"[951526, 824555, 1075470, 1053763, 911215]"
1944,"[1082185, 1029743, 995785, 1106523, 962568]"
1945,"[1098066, 1082185, 1053690, 1106523, 1033142]"
1946,"[1082185, 916122, 921836, 923746, 1029743]"
1947,"[1082185, 1126899, 840361, 823758, 995478]"
1948,"[848319, 994928, 1123792, 995785, 1058997]"
1949,"[923746, 1022254, 1033615, 5592931, 1044078]"
1950,"[1106523, 1029743, 883404, 1079987, 995242]"
1951,"[1082185, 979707, 1029743, 981760, 1127831]"
1952,"[1082185, 1029743, 1098066, 979707, 981760]"
1953,"[1033615, 981944, 1050851, 993638, 916122]"
1954,"[1082185, 1041259, 1029743, 962568, 995785]"
1955,"[883404, 1106523, 938700, 1133018, 1045220]"
1956,"[1070820, 995242, 1082185, 933835, 1126899]"
1957,"[1082185, 1055646, 10121965, 934676, 854405]"
1958,"[1082185, 1029743, 849843, 995242, 981760]"
1959,[]
1960,"[1070820, 862349, 844179, 1060269, 1044078]"
1961,"[1106523, 931671, 1011300, 849843, 1126899]"
1962,"[1082185, 976199, 962568, 1056509, 833025]"
1963,"[834484, 896938, 979707, 862349, 903325]"
1964,"[979707, 1055646, 1022254, 905913, 862732]"
1965,"[1082185, 1058997, 1098066, 849843, 1106523]"
1966,"[1082185, 820165, 834484, 903325, 1124729]"
1967,"[962568, 860776, 995242, 1070820, 849843]"
1968,"[1082185, 1106523, 849843, 981760, 1029743]"
1969,"[995242, 1029743, 860776, 1044078, 826249]"
1970,"[1133018, 8090537, 883003, 1033615, 1110572]"
1971,"[1029743, 1058997, 1126899, 1070820, 962568]"
1975,"[840361, 995242, 849843, 1095275, 933835]"
1976,"[1106523, 999971, 1133018, 1053690, 9420312]"
1978,"[1082185, 1110793, 1009449, 1137775, 826249]"
1979,"[1082185, 1106523, 1029743, 979707, 860776]"
1981,"[1126899, 1106523, 1029743, 1082185, 995785]"
1982,"[1082185, 5588666, 5586076, 5585635, 5582789]"
1983,"[998444, 961554, 986947, 866211, 908318]"
1985,"[1082185, 1106523, 840361, 1048462, 1096036]"
1987,"[1029743, 1082185, 914190, 995242, 1106523]"
1988,"[1106523, 840361, 923746, 903325, 961554]"
1989,"[1082185, 995242, 995785, 1058779, 1029743]"
1990,"[1082185, 1126899, 840361, 1029743, 1024306]"
1991,"[8090537, 1056746, 1044078, 8090521, 931671]"
1992,"[1082185, 1042438, 1029743, 995242, 962568]"
1993,"[1133018, 883404, 883003, 934427, 844165]"
1994,"[1053690, 1029743, 5569230, 981760, 1126899]"
1995,"[840361, 1029743, 962568, 1106523, 923746]"
1996,"[940766, 982493, 981760, 7025106, 1029743]"
1997,"[1126899, 903325, 979707, 1058997, 936924]"
1998,"[1106523, 1133018, 6773204, 826249, 908531]"
1999,"[1133018, 1044078, 1126899, 844179, 844165]"
2000,"[995785, 859075, 1133018, 1082185, 1044078]"
2001,"[1029743, 962568, 981760, 994928, 986912]"
2003,"[861272, 1051093, 880253, 1082185, 5569471]"
2004,"[981760, 995242, 1040807, 1029743, 850841]"
2005,"[866227, 9526886, 1043590, 878302, 6463658]"
2006,"[1082185, 995242, 1133018, 860776, 923746]"
2007,"[1082185, 1106523, 883404, 981760, 1094955]"
2008,"[995242, 1126899, 913210, 5570383, 1058997]"
2010,"[965766, 995785, 1106523, 1029743, 844165]"
2011,"[1065593, 893501, 894236, 1006184, 1123792]"
2012,"[926646, 962118, 1065593, 1106523, 1053690]"
2014,"[979707, 1106523, 999971, 1022254, 1068719]"
2015,"[1082185, 1029743, 981760, 968072, 932182]"
2016,[]
2017,"[1126899, 5584007, 1070820, 840361, 5584027]"
2018,"[1106523, 986912, 849843, 923746, 880150]"
2019,"[1124729, 899624, 1029743, 7441391, 879948]"
2020,"[895540, 971949, 1075470, 921836, 1056651]"
2021,"[900491, 989075, 995785, 840361, 883932]"
2022,"[1029743, 1073150, 1128016, 854852, 839656]"
2023,"[852856, 826249, 962229, 844179, 1053690]"
2025,"[861272, 1082185, 844179, 1126899, 1029743]"
2026,[]
2027,"[1068719, 871756, 995785, 994928, 860776]"
2028,"[5569230, 5568378, 944139, 839419, 883404]"
2029,"[962229, 1082185, 913210, 1106523, 1029743]"
2030,"[944836, 1087102, 1110142, 927191, 971922]"
2031,[]
2032,[]
2033,"[1082185, 859075, 1127758, 934676, 1002771]"
2034,"[1126899, 1058997, 1082185, 903325, 1077975]"
2036,"[1082185, 1024306, 979707, 1037332, 944836]"
2037,"[1029743, 981760, 840361, 844165, 849843]"
2038,"[1132771, 844165, 840361, 849843, 1082185]"
2039,[]
2040,"[883404, 1029743, 995242, 994928, 1106523]"
2041,"[872137, 917033, 840361, 1045220, 923746]"
2042,[]
2043,"[979707, 995876, 1061220, 998119, 934676]"
2046,"[1082185, 1029743, 981760, 995242, 883404]"
2047,"[1124729, 883003, 949965, 6773238, 879755]"
2048,"[981760, 1106523, 1029743, 844179, 1126899]"
2049,"[1029743, 5584847, 1082185, 995242, 844179]"
2050,"[899624, 1096036, 857503, 923746, 1126899]"
2055,"[1041259, 5568378, 819765, 1029743, 1106523]"
2056,"[1106523, 840361, 962229, 1133018, 8090521]"
2057,"[953476, 1053690, 983584, 862349, 1123792]"
2058,"[962568, 979707, 872137, 903325, 914190]"
2059,[]
2060,"[1029743, 1082185, 986912, 844179, 1106523]"
2062,"[1022254, 1058997, 1029743, 995242, 849843]"
2063,"[1082185, 981760, 862349, 1022254, 986912]"
2064,"[1095275, 1075368, 1041259, 860776, 1057260]"
2065,"[1029743, 964968, 1055646, 929433, 883404]"
2068,"[1082185, 1055646, 862349, 1070820, 961554]"
2070,"[998373, 985427, 1080414, 838186, 863802]"
2071,"[899624, 1004906, 1068719, 981760, 933835]"
2072,[]
2075,"[899624, 840361, 953476, 1065593, 860975]"
2076,"[1082185, 1051093, 880253, 968774, 895070]"
2077,"[1082185, 982989, 962568, 903325, 845208]"
2079,"[1106523, 923746, 860776, 908846, 845208]"
2080,"[995785, 1133018, 1106523, 919534, 981760]"
2081,[]
2082,"[1029743, 995242, 848319, 994928, 962568]"
2083,"[981760, 1070820, 845208, 862349, 1004906]"
2084,"[1082185, 981760, 860776, 962568, 6034857]"
2085,"[1070820, 1029743, 899624, 834484, 860776]"
2086,"[962568, 834484, 860776, 9575181, 903325]"
2087,"[948670, 916993, 1013187, 5570383, 839419]"
2088,"[845705, 1029743, 833723, 7168224, 6463658]"
2089,"[1126899, 1106523, 1082185, 995242, 1029743]"
2090,"[1098066, 1128647, 826249, 1082185, 1029743]"
2091,[]
2094,"[1082185, 1057260, 1070820, 1088147, 1069621]"
2095,"[883003, 951590, 873203, 1068719, 844165]"
2099,[]
2100,"[1082185, 1133018, 998373, 1106523, 860776]"
2101,"[981760, 1101010, 883003, 819978, 983584]"
2102,"[995876, 1055646, 1098066, 872137, 962568]"
2103,[]
2105,[]
2108,"[5586076, 5584027, 5586942, 1029743, 1133018]"
2109,"[981760, 923746, 1043590, 1041796, 999270]"
2110,"[1082185, 1029743, 1106523, 866211, 901062]"
2111,"[1058997, 908531, 981760, 1106523, 1082185]"
2112,"[1126899, 1055646, 995785, 903325, 862349]"
2114,"[1082185, 1098248, 933835, 986912, 1106523]"
2115,"[962568, 961554, 1070820, 826249, 883404]"
2116,"[1070820, 968932, 862349, 1115874, 873654]"
2119,"[919534, 961554, 867188, 911812, 951197]"
2120,"[1082185, 833025, 914190, 1071939, 961554]"
2121,"[1082185, 995242, 1057260, 1098248, 848319]"
2122,"[1106523, 1133018, 1082185, 913785, 845208]"
2123,"[995242, 840361, 883404, 899624, 9553031]"
2124,"[1082185, 1044895, 918335, 5584645, 1034686]"
2125,"[1029743, 995242, 976199, 852864, 849843]"
2126,"[1082185, 872137, 921836, 1055646, 1028816]"
2129,"[1029743, 995242, 860776, 995785, 960984]"
2130,"[899624, 1106523, 834484, 1076056, 1133018]"
2131,"[1022254, 986912, 1055646, 965766, 1053690]"
2132,"[1082185, 995785, 901062, 990797, 962568]"
2133,"[1082185, 1126899, 1058997, 840361, 962568]"
2134,"[999858, 1048462, 899624, 844179, 863447]"
2135,"[908846, 840361, 870515, 1029743, 860776]"
2136,"[1082185, 834484, 1033142, 901062, 981760]"
2137,"[995242, 840361, 883404, 1043590, 860975]"
2138,"[1053690, 1029743, 893501, 985119, 1042544]"
2139,"[1029743, 859075, 995242, 1100972, 1041796]"
2141,"[921345, 901543, 843744, 1074524, 1082185]"
2142,"[1029743, 883404, 1055646, 1038217, 1098066]"
2145,[]
2146,"[944836, 1053690, 861272, 1029743, 5568378]"
2147,"[840361, 1106523, 961554, 962568, 845208]"
2148,"[1068719, 867188, 979707, 981760, 834484]"
2149,"[1082185, 1106523, 923746, 1029743, 883404]"
2151,"[962568, 995242, 923746, 849843, 1029743]"
2153,"[840361, 923746, 964968, 1029743, 5592931]"
2154,"[1106523, 1124729, 849843, 883404, 901062]"
2155,[]
2156,"[995242, 833723, 913202, 1054262, 1029743]"
2158,"[862349, 995785, 860776, 833025, 1037451]"
2159,"[979707, 5592931, 1133018, 923746, 995785]"
2160,"[999971, 1029743, 995242, 1106523, 981760]"
2161,"[861272, 1053690, 961554, 951590, 833025]"
2162,"[1082185, 883404, 840361, 981760, 1029743]"
2163,"[908531, 983584, 1075368, 1065593, 916122]"
2167,[]
2168,"[1094955, 989824, 1055646, 1075470, 1111230]"
2169,"[1133018, 1106523, 1126899, 826249, 1082185]"
2170,"[1092026, 844165, 1029743, 995242, 1040807]"
2171,"[1082185, 908531, 995242, 1060269, 961554]"
2172,"[1057260, 903325, 1033142, 1104343, 1117514]"
2173,"[925514, 844165, 868764, 827683, 895540]"
2174,"[7440665, 999971, 6463658, 1082185, 1029743]"
2175,[]
2176,[]
2179,"[1088835, 1111839, 844165, 1029743, 1092026]"
2181,"[1082185, 899624, 914190, 1126899, 995785]"
2182,"[1082185, 1029743, 995242, 1106523, 962568]"
2183,"[1082185, 995242, 908531, 909268, 916993]"
2184,"[1070015, 844165, 1106523, 903325, 908531]"
2185,"[1043128, 865456, 1068719, 957063, 938566]"
2186,"[1106523, 1133018, 899624, 995876, 1130858]"
2188,"[1133018, 1106523, 933835, 849843, 866211]"
2189,"[913210, 834117, 845208, 1029743, 962229]"
2190,"[10285144, 844165, 1133018, 10285141, 826249]"
2193,"[979707, 961554, 1070820, 909268, 968774]"
2194,"[995242, 995785, 981760, 1055646, 979707]"
2195,"[1126899, 1070820, 840361, 1055504, 1138443]"
2196,"[1029743, 995242, 1082185, 1055646, 962568]"
2197,"[1082185, 1029743, 849843, 981760, 1044078]"
2198,"[965766, 883404, 995242, 1056509, 844179]"
2199,"[1082185, 1126899, 1070820, 848268, 962568]"
2200,"[823721, 999858, 1074524, 919534, 859075]"
2202,"[844179, 981760, 5569230, 1126899, 1029743]"
2203,"[981760, 1038217, 979707, 1029743, 844179]"
2204,"[834484, 1043590, 833025, 845208, 1044078]"
2205,"[908531, 1106523, 995242, 1082185, 1029743]"
2206,"[995242, 1082185, 1029743, 1106523, 859075]"
2207,"[6463658, 7167218, 9527487, 1051305, 1133018]"
2208,"[1106523, 962229, 5569230, 940947, 1068719]"
2209,"[1029743, 981760, 1102949, 936924, 1039156]"
2211,"[1082185, 976955, 7025114, 1126899, 1029743]"
2212,[]
2213,"[1106523, 1126899, 1098248, 962568, 995785]"
2214,"[844179, 1085604, 5569230, 1126899, 981760]"
2215,"[1082185, 834484, 981760, 1029743, 1041259]"
2217,"[923746, 953476, 1022254, 976998, 862349]"
2221,"[901062, 962568, 1082185, 1058997, 995785]"
2222,"[995242, 833556, 870780, 823758, 826385]"
2223,"[839147, 1011300, 1133018, 1110572, 991951]"
2224,"[862349, 1070820, 868764, 849843, 957063]"
2225,"[1082185, 872137, 1041259, 862349, 1126899]"
2226,"[1082185, 893501, 1092026, 1106523, 1126899]"
2228,[]
2229,"[1082185, 1051093, 880253, 995785, 979707]"
2231,"[944836, 1041259, 1137688, 1129671, 945273]"
2233,"[1058997, 908846, 995785, 870515, 857849]"
2234,"[1082185, 1042907, 1123842, 1022254, 1133018]"
2235,"[937292, 969866, 999270, 1055646, 866211]"
2237,"[1082185, 908531, 872137, 976199, 843756]"
2238,"[839147, 1022872, 849843, 833723, 991379]"
2239,"[1029743, 995242, 983584, 908531, 10285144]"
2240,"[1106523, 1053690, 910032, 6034857, 983584]"
2241,"[1029743, 995242, 923746, 840361, 861272]"
2243,"[1029743, 1014238, 899624, 840361, 979707]"
2244,"[1124729, 839147, 925514, 986394, 833715]"
2245,"[1123014, 860776, 995785, 1022119, 861272]"
2247,"[1106523, 912681, 872137, 1022254, 1033615]"
2248,"[1029743, 995785, 1082185, 859075, 1055646]"
2250,"[919534, 957063, 867188, 827180, 1029743]"
2252,"[1029743, 883404, 995242, 1133018, 1058997]"
2253,"[1111839, 1029743, 1082185, 983584, 995242]"
2256,"[1070820, 962568, 840361, 1126899, 1082185]"
2257,"[1106523, 9420312, 1071939, 1029743, 844179]"
2258,"[1126899, 1082185, 1051323, 1110572, 1029743]"
2259,[]
2260,"[867188, 923746, 1029743, 1118787, 995242]"
2261,"[1082185, 1106523, 1044078, 995785, 896938]"
2262,"[1082185, 1122358, 849843, 861272, 1118533]"
2263,"[1082185, 986912, 1033142, 1065593, 995242]"
2264,"[1082185, 1126899, 903325, 840361, 1058997]"
2266,"[862349, 860776, 903325, 834484, 1041259]"
2267,"[905868, 913210, 977545, 9553031, 1041259]"
2269,"[1082185, 916122, 1055646, 965766, 899624]"
2270,"[916381, 844165, 1048462, 1074524, 1022003]"
2271,[]
2272,"[1082185, 940947, 1104343, 914190, 849843]"
2273,"[1110793, 976065, 880427, 1082185, 900802]"
2274,"[1106523, 1009449, 1013928, 1028816, 1101010]"
2275,"[928754, 859075, 1132280, 844179, 883404]"
2276,"[1106523, 849843, 908531, 1029743, 989101]"
2277,"[1053690, 1106523, 1092026, 1133018, 844165]"
2278,"[922127, 951412, 1098248, 1044078, 866211]"
2279,"[868764, 861272, 8090537, 844165, 893501]"
2280,"[834484, 903325, 1013321, 1070820, 862349]"
2281,"[1082185, 925112, 828935, 1055646, 1102959]"
2282,"[1119051, 903325, 862349, 825541, 874149]"
2283,"[1106523, 944466, 8090537, 844179, 995242]"
2284,"[872137, 981760, 944836, 903325, 914190]"
2285,"[1082185, 962568, 903325, 860776, 970030]"
2287,"[1082185, 1029743, 1004906, 995242, 854852]"
2288,"[10285141, 1126899, 914190, 893501, 983584]"
2289,"[883404, 839147, 1039156, 913210, 925514]"
2290,"[1029743, 949616, 844165, 1041796, 854852]"
2291,"[1111839, 1138189, 1029743, 1088835, 1082185]"
2292,"[1029743, 1132770, 865456, 882441, 995242]"
2293,"[1082185, 1029743, 981760, 995242, 913210]"
2294,"[1012816, 1107289, 923746, 1132771, 1106523]"
2295,"[1106523, 911812, 899624, 1068719, 859075]"
2296,"[1029743, 981760, 883404, 938700, 1070015]"
2297,"[1082185, 1041259, 1009449, 834484, 1127758]"
2298,"[923746, 916122, 995242, 1030819, 864774]"
2299,"[1041259, 1124674, 995785, 986947, 1026118]"
2300,"[1029743, 995242, 1012816, 1037451, 1013321]"
2301,"[1132770, 5592931, 1029743, 883404, 1096036]"
2302,"[1029743, 995242, 908531, 995785, 1048462]"
2303,"[903325, 961554, 1127831, 933835, 860776]"
2305,"[1082185, 1029743, 995242, 916122, 840361]"
2307,"[1082185, 995242, 933835, 849843, 883404]"
2308,[]
2310,"[1044895, 1123792, 1077975, 844165, 916381]"
2312,"[961554, 840361, 1070820, 862349, 979707]"
2314,"[1093359, 997506, 908346, 1110793, 840361]"
2315,[]
2317,"[1082185, 9483663, 899624, 903325, 872137]"
2319,"[1081177, 1065593, 1022003, 1082185, 1029743]"
2322,"[1082185, 899624, 932179, 911812, 1101173]"
2323,"[1082185, 1029743, 995242, 990797, 1092026]"
2324,"[1082185, 1029743, 962568, 995242, 834484]"
2325,[]
2328,"[981760, 1106523, 848319, 916122, 995785]"
2330,"[1082185, 1101010, 976065, 885290, 1138443]"
2331,"[908531, 933835, 833025, 859075, 914190]"
2333,"[923746, 1029743, 862349, 981760, 1106523]"
2334,"[1029743, 1065593, 1123792, 5568378, 951590]"
2335,"[867188, 1053690, 844165, 1057260, 1077555]"
2336,"[965766, 861272, 833025, 1029743, 1013187]"
2337,"[1015539, 1110572, 1106523, 944317, 937791]"
2338,"[1106523, 890695, 1058997, 834484, 971922]"
2339,[]
2340,"[979707, 5588666, 1033142, 5585635, 1106523]"
2341,"[859075, 883404, 844165, 994928, 833025]"
2342,"[1029743, 995242, 916122, 901062, 883404]"
2343,"[916122, 1048462, 1041259, 1133018, 857503]"
2344,"[1038217, 962568, 1000753, 990797, 1132771]"
2345,"[989075, 951526, 1029743, 965766, 964968]"
2347,"[1029743, 995242, 8090521, 914190, 994928]"
2349,"[994928, 995242, 1082185, 1029743, 1106523]"
2350,[]
2351,"[903325, 909714, 845208, 957013, 860776]"
2352,"[1133018, 1029743, 981760, 995242, 1106523]"
2354,"[1082185, 953476, 873203, 981760, 1126899]"
2359,"[1075470, 826249, 1106523, 827180, 883404]"
2360,"[999858, 903325, 916122, 1022119, 995242]"
2361,"[897125, 1126899, 981760, 1100972, 1044078]"
2363,"[1082185, 1070820, 6602697, 1029743, 995242]"
2364,"[1082185, 1029743, 1106523, 995242, 914190]"
2366,"[1033142, 1004906, 826249, 995242, 1110572]"
2368,[]
2369,"[1029743, 1053690, 889774, 12263788, 893501]"
2370,"[862349, 1070820, 9553031, 886703, 981760]"
2372,"[1037840, 847789, 927191, 995965, 8090532]"
2373,[]
2374,"[1070820, 933835, 901062, 1048462, 914190]"
2375,"[923746, 1055646, 1133018, 845208, 962568]"
2376,"[1075074, 870780, 1014948, 9836903, 971922]"
2377,"[1055646, 995242, 1058997, 866211, 1096036]"
2378,"[1029743, 914190, 995242, 883404, 1074524]"
2379,"[1058997, 860776, 1029743, 854405, 995242]"
2380,"[1029743, 1055646, 948670, 995242, 998373]"
2381,"[913785, 1133018, 922907, 849843, 916122]"
2385,"[1029743, 1068719, 1133018, 10285141, 1040807]"
2386,"[1082185, 962568, 995242, 1029743, 1104343]"
2387,"[848029, 940947, 936634, 826249, 911812]"
2388,"[1106523, 1096036, 933835, 840601, 1079987]"
2389,"[12946027, 937292, 995785, 1044078, 867188]"
2392,"[911215, 1050131, 917494, 995785, 835576]"
2393,"[1082185, 982989, 962568, 1057260, 903325]"
2394,"[5569327, 847344, 1096317, 826249, 1133018]"
2395,"[995242, 923746, 1084331, 1022843, 9420312]"
2397,"[1082185, 962568, 1029743, 1106523, 911812]"
2399,[]
2400,"[969866, 912681, 1133018, 916122, 1014948]"
2401,"[1082185, 912681, 1029743, 1106523, 995242]"
2404,"[1082185, 1029743, 914190, 995242, 847270]"
2405,"[916381, 6602697, 913785, 849843, 1005274]"
2406,"[1082185, 5568378, 5569374, 1126899, 1053690]"
2407,"[995242, 5588666, 1096036, 5585635, 826249]"
2408,"[1082185, 7440665, 1138443, 892531, 1101010]"
2410,"[1106523, 1026118, 985893, 8291322, 1070820]"
2412,"[1133018, 5568378, 1106523, 896938, 1055646]"
2416,"[914190, 994928, 859075, 1041796, 1126899]"
2418,"[863664, 839094, 1074524, 1029743, 925862]"
2420,"[9553031, 1068719, 1014238, 1022003, 1012587]"
2421,"[1126899, 1058997, 903325, 834484, 979707]"
2424,"[1123792, 962229, 834484, 870547, 1038217]"
2425,"[1029743, 1070820, 861272, 911812, 976199]"
2426,"[849843, 844165, 971165, 1029743, 995242]"
2427,"[1082185, 989824, 908318, 1105917, 981760]"
2429,"[1106523, 899624, 995242, 1029743, 1076875]"
2431,"[1082185, 7167218, 912681, 840361, 9526886]"
2434,"[1033615, 1096036, 1068292, 1131344, 972931]"
2435,"[908531, 995242, 983584, 1012816, 1105623]"
2437,"[1070820, 895070, 901062, 866211, 820165]"
2438,"[861272, 995785, 1058997, 833025, 1082185]"
2439,"[1082185, 1058997, 1029743, 1133018, 981760]"
2440,"[1043590, 1133018, 874972, 1070015, 1106523]"
2441,"[1082185, 995242, 1029743, 867188, 979707]"
2442,"[1082185, 1029743, 849843, 1126899, 995242]"
2445,"[962118, 995242, 1132770, 1039156, 933835]"
2446,"[834484, 1132280, 826249, 1044805, 990797]"
2447,"[1082185, 944137, 1058997, 1041259, 1127831]"
2448,"[1133018, 1106523, 1004906, 845208, 965766]"
2449,"[1082185, 901062, 1126899, 1058997, 834484]"
2450,"[838258, 1070820, 997506, 862349, 1022254]"
2451,"[1058997, 895070, 903325, 1126899, 917033]"
2452,"[9527487, 1106523, 844165, 5568378, 1033615]"
2453,"[1082185, 1070820, 1057260, 976199, 1053690]"
2455,"[883404, 1029743, 933835, 844179, 859075]"
2456,"[1058997, 823758, 951412, 861272, 995242]"
2457,"[1082185, 1106523, 1055646, 1013641, 1065593]"
2458,"[970030, 1126899, 965842, 968215, 5569471]"
2459,"[1029743, 995242, 1015539, 862349, 1124729]"
2460,"[5568378, 1101173, 5569230, 908531, 1092026]"
2461,"[909714, 844179, 893501, 1053690, 883404]"
2462,"[979707, 903325, 961554, 863664, 820165]"
2464,"[1082185, 916122, 979707, 995785, 1070820]"
2465,"[994928, 1053690, 986912, 859075, 1052912]"
2466,"[1029743, 1082185, 859075, 1106523, 995242]"
2467,"[1126899, 1058997, 961269, 6602697, 7441391]"
2470,"[1039156, 1082185, 821083, 7168224, 1029743]"
2471,"[995242, 1126899, 1058997, 923746, 1106523]"
2472,"[1126899, 1082185, 1004906, 908531, 862349]"
2475,"[918368, 1070820, 1126899, 861272, 1039156]"
2477,"[1082185, 961554, 1058997, 834484, 840361]"
2478,"[1082185, 1055646, 979707, 883404, 965766]"
2479,"[834484, 1106523, 916122, 859075, 981760]"
2481,"[1029743, 865456, 823721, 914190, 915349]"
2482,"[1106523, 872137, 915621, 1038217, 999971]"
2483,"[1082185, 911470, 915621, 1118533, 1095700]"
2484,"[1029743, 899624, 995242, 923746, 883404]"
2485,"[1078346, 861272, 1096036, 1029743, 1106523]"
2486,"[1133018, 883404, 940947, 1022003, 947798]"
2488,"[862349, 1070820, 913210, 933835, 865456]"
2489,"[1068719, 1029743, 923746, 840361, 1022254]"
2492,"[1106523, 883404, 986912, 994928, 1065593]"
2494,"[840361, 1082185, 862349, 1004906, 9445919]"
2496,"[916122, 979707, 1106523, 999858, 899624]"
2497,"[1024306, 908181, 860776, 896938, 897125]"
2498,"[1070820, 961554, 1053690, 951197, 1126899]"
2499,"[1070820, 899624, 826249, 5568378, 1110793]"
2500,"[1056509, 1106301, 1077555, 854405, 1058997]"
